336,0,0,182,3,986,817,28,44.86
140.1,4.2,215.9,193.9,4.7,1049.5,710.1,28,26.42
350,0,0,203,0,974,775,14,22.53
162,148,190,179,19,838,741,28,42.08
225,0,0,181,0,1113,833,7,11.17
289,134,0,195,6,924,760,28,46.24
162,190,148,179,19,838,741,28,33.76
288,192,0,192,0,932,717.8,7,23.52
446,24,79,162,11.61,967,712,7,52.01
475,0,59,142,1.9,1098,641,28,57.23
322,0,0,203,0,974,800,180,29.59
355,19,97,145,13.13,967,871,28,44.03
165,128.5,132.1,175.06,8.08,1005.8,746.6,56,53.72
181.38,0,167.01,169.59,7.56,1055.6,777.8,14,21.6
307,0,0,193,0,968,812,90,32.92
141.3,212,0,203.5,0,971.8,748.5,7,10.39
255,0,0,192,0,889.8,945,7,10.22
322,0,149,186,8,951,709,28,45.42
102,153,0,192,0,887,942,7,7.68
213.74,0,174.74,154.79,10.16,1053.5,776.35,14,33.73
290.35,0,96.18,168.08,9.41,961.18,865,56,45.08
382,0,0,186,0,1111,784,7,11.47
202,11,141,206,1.72,942,801,3,9.85
250,0,0,182,0,1100,820,7,12.73
190.68,0,125.4,162.14,7.77,1090,804.01,100,40.57
250,0,95.69,187.42,5.53,956.86,861.17,14,24.92
310,0,0,192,0,970,850,360,38.11
277.05,0,97.39,160.6,11.83,973.9,875.61,14,41.89
218.23,54.64,123.78,140.75,11.91,1075.7,792.67,3,27.42
298,0,107,186,6,879,815,28,42.64
262,111,86,195,5,895,733,28,33.72
133,200,0,192,0,927.4,839.2,90,36.59
295.71,0,95.64,171.54,8.87,955.14,859.2,100,52.04
213.5,0,174.24,154.61,11.66,1052.3,775.48,14,33.7
380,95,0,228,0,932,594,28,36.45
349,0,0,192,0,1056,809,28,33.61
380,0,0,228,0,932,670,180,53.1
166.8,250.2,0,203.5,0,975.6,692.6,3,6.9
214.9,53.8,121.89,155.63,9.61,1014.3,780.58,56,53.96
173.54,50.05,173.53,164.77,6.47,1006.2,793.5,56,53.77
183.9,122.6,0,203.5,0,959.2,800,90,32.53
304,76,0,228,0,932,670,365,55.26
296,97,0,219,9,932,685,28,29.23
238,0,0,186,0,1119,789,28,17.54
401.8,94.7,0,147.4,11.4,946.8,852.1,7,54.1
159,209,161,201,7,848,669,28,30.88
182.04,45.21,121.97,170.21,8.19,1059.4,780.65,3,7.32
303.6,139.9,0,213.5,6.2,895.5,722.5,28,33.42
192,288,0,192,0,929.8,716.1,28,39.32
277,0,0,191,0,968,856,3,11.36
148.1,0,136.6,158.1,16.1,1001.8,830.1,28,17.96
159,193,0,208,12,821,818,28,19.19
349,0,0,192,0,1047,806,360,42.13
491,26,123,201,3.93,822,699,28,57.92
236,0,0,193,0,968,885,7,9.99
359,19,141,154,10.91,942,801,7,35.75
150.3,111.4,238.8,167.3,6.5,999.5,670.5,28,38.19
379.5,151.2,0,153.9,15.9,1134.3,605,28,52.2
388.6,97.1,0,157.9,12.1,852.1,925.7,28,50.7
475,118.8,0,181.1,8.9,852.1,781.5,28,68.3
198.6,132.4,0,192,0,978.4,825.5,180,41.72
389.9,189,0,145.9,22,944.7,755.8,7,59.09
309.9,142.8,111.2,167.8,22.1,913.9,651.2,28,38.22
339,0,0,185,0,1069,754,7,21.16
181.9,272.8,0,185.7,0,1012.4,714.3,28,27.94
296,0,106.7,221.4,10.5,819.2,778.4,28,31.42
314,145.3,113.2,178.9,8,869.1,690.2,28,46.23
281,0,0,185,0,1104,774,28,22.44
425,106.3,0,153.5,16.5,852.1,887.1,7,49.2
397,0,0,186,0,1040,734,28,36.94
275.07,0,121.35,159.48,9.9,1053.6,777.5,56,56.85
284,15,141,179,5.46,842,801,3,13.4
337.9,189,0,174.9,9.5,944.7,755.8,91,67.8
310,0,0,192,0,1012,830,28,27.83
190.34,0,125.18,161.85,9.88,1088.1,802.59,56,38.56
168.88,42.22,124.25,158.33,10.83,1080.8,796.15,3,7.4
313.3,145,0,178.5,8,867.2,824,28,40.93
159,116,149,175,15,953,720,28,34.05
323.7,282.8,0,183.8,10.3,942.7,659.9,28,74.7
212.52,0,100.37,159.32,8.71,1007.8,903.59,3,13.54
212,0,124.78,159,7.84,1085.4,799.54,28,38.5
382.5,0,0,185.7,0,1047.8,739.3,7,24.07
349,0,0,192,0,1047,806,28,32.72
469,117.2,0,137.8,32.2,852.1,840.5,7,54.9
273,0,90,199,11,931,762,28,32.24
238.05,0,94.11,186.66,7,949.91,847.01,100,44.3
153,239,0,200,6,1002,684,28,26.86
331,0,0,192,0,978,825,7,16.26
238.2,158.8,0,185.7,0,1040.6,734.3,28,26.91
212,0,124.78,159,7.84,1085.4,799.54,56,45.08
375,93.8,0,126.6,23.4,852.1,992.6,28,56.7
265,86,111,195,6,833,790,28,37.39
167,75.4,167,164.03,7.91,1007.3,770.1,28,41.41
304.8,0,99.6,196,9.8,959.4,705.2,28,30.12
255.5,170.3,0,185.7,0,1026.6,724.3,28,32.05
450.1,50,0,200,3,1124.4,613.2,28,39.38
480,0,0,192,0,936.2,712.2,3,24.4
525,0,0,189,0,1125,613,3,33.8
146,173,0,182,3,986,817,28,23.74
116,173,0,192,0,909.8,891.9,7,10.09
475,118.8,0,181.1,8.9,852.1,781.5,91,74.19
339,0,0,197,0,968,781,365,38.89
184,86,190,213,6,923,623,28,22.93
168.88,42.22,124.25,158.33,10.83,1080.8,796.15,28,31.12
202,11,141,206,1.72,942,801,28,21.97
284,15,141,179,5.46,842,801,28,43.73
140.5,61.1,238.9,182.5,5.7,1017.7,681.4,28,30.97
302,0,0,203,0,974,817,180,26.74
277.19,97.82,24.46,160.7,11.19,1061.7,782.46,100,66.95
108.3,162.4,0,203.5,0,938.2,849,90,29.23
213.5,0,174.24,159.21,11.66,1043.6,771.9,28,44.64
362.6,189,0,164.9,11.6,944.7,755.8,91,79.3
148.5,139.4,108.6,192.7,6.1,892.4,780,28,23.7
303.8,0.2,239.8,236.4,8.3,780.1,715.3,28,44.48
322,116,0,196,10,818,813,28,29.77
424,22,132,168,8.92,822,750,56,74.36
252.5,0,0,185.7,0,1111.6,784.3,7,11.48
298.1,0,107.5,163.6,12.8,953.2,784,28,35.87
166.09,0,163.27,176.46,4.49,1058.6,780.09,28,21.54
149,109,139,193,6,892,780,28,28.7
387,20,94,157,14.32,938,845,28,50.24
167.95,42.08,163.83,121.75,5.72,1058.7,780.11,100,39.23
310,142.8,0,167.9,10,914.3,804,28,45.3
313,145,0,178,8,1002,689,28,41.05
389.9,189,0,145.9,22,944.7,755.8,3,40.6
295.8,0,0,185.7,0,1091.4,769.3,7,14.84
249.1,0,98.75,158.11,12.8,987.76,889.01,28,30.85
251.37,0,118.27,188.45,5.75,1028.4,757.73,56,36.97
116,173,0,192,0,909.8,891.9,3,6.28
252,0,0,185,0,1111,784,7,13.71
251.37,0,118.27,188.45,5.75,1028.4,757.73,100,43.58
165,0.02,143.57,163.81,0,1005.6,900.9,14,16.88
143,131,168,217,6,891,672,28,26.42
310,0,0,192,0,1012,830,120,38.7
145.7,172.6,0,181.9,3.4,985.8,816.8,28,23.74
153.1,145,113,178.5,8,1001.9,688.7,28,25.56
284,15,141,179,5.46,842,801,7,24.13
214.9,53.8,121.89,155.63,9.61,1014.3,780.58,28,52.2
349,0,0,192,0,1056,809,90,40.66
200,133,0,192,0,965.4,806.2,90,43.25
323.7,282.8,0,183.8,10.3,942.7,659.9,7,49.8
252.31,0,98.75,146.25,14.17,987.76,889.01,28,50.6
331,0,0,192,0,978,825,90,37.23
475,0,0,228,0,932,594,270,42.13
285,190,0,163,7.6,1031,685,28,53.58
155,0,143,193,9,1047,697,28,12.46
500,0,0,200,0,1125,613,3,26.06
318,126,0,210,6,861,737,28,31.77
218.85,0,124.13,158.49,11.33,1078.7,794.91,3,15.34
310,0,0,192,0,970,850,7,14.99
186.2,124.1,0,185.7,0,1083.4,764.3,28,17.6
218.85,0,124.13,158.49,11.33,1078.7,794.91,100,46.23
425,106.3,0,153.5,16.5,852.1,887.1,91,65.2
139.6,209.4,0,192,0,1047,806.9,28,28.24
249.1,0,98.75,158.11,12.8,987.76,889.01,100,51.06
231.75,0,121.62,173.96,6.72,1056.4,778.45,100,45.84
272.6,0,89.6,198.7,10.6,931.3,762.2,28,32.25
359,19,141,154,10.91,942,801,56,66.78
387,20,94,157,13.93,938,845,7,45.9
280,129,100,172,9,825,805,28,52.82
380,95,0,228,0,932,594,270,41.15
281,0,0,186,0,1104,774,28,22.44
297.16,0,117.54,174.8,9.52,1022.8,753.45,56,51.96
287,121,94,188,9,904,696,28,41.94
294,106,136,207,6,747,778,28,41.27
166.09,0,163.27,176.46,4.49,1058.6,780.09,3,10.76
168.88,42.22,124.25,158.33,10.83,1080.8,796.15,14,23.51
313.3,262.2,0,175.5,8.6,1046.9,611.8,91,66.6
214.9,53.8,121.89,155.63,9.61,1014.3,780.58,100,56.63
132,207,161,179,5,867,736,28,33.3
362.6,189,0,164.9,11.6,944.7,755.8,7,22.9
148,180,0,183,11,972,757,28,18.52
178.03,129.8,118.6,179.94,3.57,1007.3,746.8,14,34.24
355,19,97,145,12.25,967,871,28,55.45
155,184,143,194,9,880,699,28,28.99
381.4,0,0,185.7,0,1104.6,784.3,7,14.54
250,0,95.69,191.84,5.33,948.9,857.2,3,8.49
397,0,0,185,0,1040,734,28,39.09
236.9,91.7,71.5,246.9,6,852.9,695.4,28,28.63
322,149,0,186,8,951,709,28,52.42
277,0,0,191,0,968,856,360,33.7
273,82,105,210,9,904,680,28,34.99
214.9,53.8,121.89,155.63,9.61,1014.3,780.58,14,38.6
266,114,0,228,0,932,670,90,47.03
289,133.7,0,194.9,5.5,924.1,760.1,28,46.25
159,187,0,176,11,990,789,28,32.76
165,128.5,132.1,175.06,8.08,1005.8,746.6,14,33.09
172.38,13.61,172.37,156.76,4.14,1006.3,856.4,28,33.69
362.6,189,0,164.9,11.6,944.7,755.8,56,77.3
102,153,0,192,0,887,942,90,25.46
290.35,0,96.18,168.08,9.41,961.18,865,3,22.5
446,24,79,162,11.64,967,712,28,44.42
194.3,0.3,240,234.2,8.9,780.6,811.3,28,38.46
297.16,0,117.54,174.8,9.52,1022.8,753.45,100,56.74
172,162.1,238.5,166,7.4,953.3,641.4,28,41.54
427.5,47.5,0,228,0,932,594,90,41.54
192,288,0,192,0,929.8,716.1,3,12.79
165,0.02,143.57,163.81,0,1005.6,900.9,100,37.96
260,101,78,171,10,936,763,28,49.77
182.04,45.21,121.97,170.21,8.19,1059.4,780.65,100,48.67
310,0,0,192,0,970,850,180,37.33
350,0,0,186,0,1050,770,28,34.29
143.8,136.3,106.2,178.1,7.5,941.5,774.3,28,26.15
385,0,0,186,0,966,763,3,14.7
516,0,0,162,8.2,801,802,28,41.37
289,0,0,192,0,913.2,895.3,28,25.57
213.74,0,174.74,154.79,10.16,1053.5,776.35,28,40.15
167.95,42.08,163.83,121.75,5.72,1058.7,780.11,3,7.75
255,0,0,192,0,889.8,945,28,18.75
349,0,0,192,0,1047,806.9,3,15.05
140,1.4,198.1,174.9,4.4,1049.9,780.5,28,30.83
381.4,0,0,185.7,0,1104.6,784.3,28,22.49
160,0,250,168,12,1049,688,28,37.66
194.68,0,100.52,165.62,7.48,1006.4,905.9,14,24.99
181.38,0,167.01,169.59,7.56,1055.6,777.8,28,27.77
388.6,97.1,0,157.9,12.1,852.1,925.7,7,34.9
145,0,134,181,11,979,812,28,13.2
238.1,0,0,185.7,0,1118.8,789.3,7,10.34
218.85,0,124.13,158.49,11.33,1078.7,794.91,28,30.22
291,105,0,205,6,859,797,28,27.62
212.07,0,121.62,180.31,5.69,1057.6,779.32,100,39.61
333,0,0,192,0,931.2,842.6,90,41.68
313.8,0,112.6,169.9,10.1,925.3,782.9,28,38.46
401.8,94.7,0,147.4,11.4,946.8,852.1,28,68.5
258.8,88,239.6,175.3,7.6,938.9,646,28,50.5
210.7,316.1,0,185.7,0,977,689.3,7,21.82
186.2,124.1,0,185.7,0,1083.4,764.3,7,8
167.95,42.08,163.83,121.75,5.72,1058.7,780.11,56,32.85
159.8,250,0,168.4,12.2,1049.3,688.2,28,39.46
350,0,0,203,0,974,775,56,29.98
425,106.3,0,153.5,16.5,852.1,887.1,56,64.3
266,114,0,228,0,932,670,270,51.73
237.5,237.5,0,228,0,932,594,365,39
154,141,181,234,11,797,683,28,33.51
190.68,0,125.4,162.14,7.77,1090,804.01,14,21.06
297.8,137.2,106.9,201.3,6,878.4,655.3,28,53.52
540,0,0,173,0,1125,613,270,74.17
200,133,0,192,0,965.4,806.2,7,17.17
475,0,0,228,0,932,594,90,42.23
333,0,0,192,0,931.2,842.6,28,31.97
150,236.8,0,173.8,11.9,1069.3,674.8,28,37.43
248.3,101,239.1,168.9,7.7,954.2,640.6,28,49.97
375,0,0,186,0,1038,758,28,38.21
136,162,126,172,10,923,764,28,29.07
305,0,100,196,10,959,705,28,30.12
139.6,209.4,0,192,0,1047,806.9,90,39.36
427.5,47.5,0,228,0,932,594,365,43.7
237.5,237.5,0,228,0,932,594,90,33.12
156,243,0,180,11,1022,698,28,37.36
531.3,0,0,141.8,28.2,852.1,893.7,56,58.8
194.68,0,100.52,165.62,7.48,1006.4,905.9,100,37.34
491,26,123,210,3.93,882,699,28,55.55
321,164,0,190,5,870,774,28,57.21
313,0,0,178,8,1000,822,28,25.1
212,141.3,0,203.5,0,973.4,750,28,33
531.3,0,0,141.8,28.2,852.1,893.7,91,59.2
178.03,129.8,118.6,179.94,3.57,1007.3,746.8,100,49.99
362.6,189,0,164.9,11.6,944.7,755.8,3,35.3
251.37,0,118.27,192.94,5.75,1043.6,754.3,56,39.27
525,0,0,189,0,1125,613,28,55.94
362.6,189,0,164.9,11.6,944.7,755.8,91,79.3
229.97,0,118.31,195.47,4.63,1029.4,758.59,3,10.03
154,144,112,220,10,923,658,28,16.5
313,145,0,178,8,867,824,28,44.39
295.71,0,95.64,171.54,8.87,955.14,859.2,14,35.23
250,0,95.69,191.84,5.33,948.9,857.2,100,41.16
212.52,0,100.37,159.32,8.71,1007.8,903.59,100,42.92
308,111,142,217,10,783,686,28,42.08
275.07,0,121.35,159.48,9.9,1053.6,777.5,14,38.77
500.1,0,0,200,3,1124.4,613.2,28,44.13
295,0,0,185,0,1069,769,7,14.8
288.4,121,0,177.4,7,907.9,829.5,28,42.14
151,0,185,167,16,1074,678,28,13.46
212.07,0,121.62,180.31,5.69,1057.6,779.32,56,34.2
149,236,0,176,13,847,893,28,32.96
203.5,135.7,0,185.7,0,1076.2,759.3,7,11.96
102,153,0,192,0,887,942,28,17.28
172.38,13.61,172.37,156.76,4.14,1006.3,856.4,100,37.68
200,0,0,180,0,1125,845,7,7.84
387,20,94,157,14.32,938,845,56,56.34
379.5,151.2,0,153.9,15.9,1134.3,605,7,47.1
159,149,116,175,15,953,720,28,27.68
298.2,0,107,209.7,11.1,879.6,744.2,28,31.88
261,78,100,201,9,864,761,28,34.18
298,137,107,201,6,878,655,28,53.52
165,0,150,182,12,1023,729,28,18.03
137,167,214,226,6,708,757,28,34.45
192,288,0,192,0,929.8,716.1,7,21.48
314,0,161,207,6,851,757,28,41.14
213.72,98.05,24.51,181.71,6.86,1065.8,785.38,3,18
246.83,0,125.08,143.3,11.99,1086.8,800.89,14,42.22
385,0,0,186,0,966,763,7,23.22
436,0,0,218,0,838.4,719.7,28,23.85
446,24,79,162,11.61,967,712,56,61.07
385,0,0,186,0,966,763,14,27.92
275.07,0,121.35,159.48,9.9,1053.6,777.5,28,51.33
310,143,0,168,10,914,804,28,45.3
167.95,42.08,163.83,121.75,5.72,1058.7,780.11,28,24.24
287,94,121,188,9,904,696,28,43.01
393,0,0,192,0,940.6,785.6,28,39.6
250,180,95,159,9.45,860,800,28,67.87
446,24,79,162,11.64,967,712,3,25.02
165,0.02,143.57,163.81,0,1005.6,900.9,28,26.2
252.31,0,98.75,146.25,14.17,987.76,889.01,100,60.95
173.54,50.05,173.53,164.77,6.47,1006.2,793.5,14,33.01
318.8,212.5,0,155.7,14.3,852.1,880.4,56,66.1
307,0,0,193,0,968,812,3,12.54
166.8,250.2,0,203.5,0,975.6,692.6,7,15.75
141.3,212,0,203.5,0,971.8,748.5,90,39.66
304,76,0,228,0,932,670,28,47.81
316.1,210.7,0,185.7,0,977,689.3,7,24.44
213.76,98.06,24.52,181.74,6.65,1066,785.52,56,47.13
251.37,0,118.27,188.45,6.35,1028.4,757.73,56,36.64
252.31,0,98.75,146.25,14.17,987.76,889.01,3,21.78
198.6,132.4,0,192,0,978.4,825.5,360,44.3
160,146,188,203,11,829,710,28,33.51
246.83,0,125.08,143.3,11.99,1086.8,800.89,56,60.32
212.52,0,100.37,159.32,8.71,1007.8,903.59,14,26.31
475,118.8,0,181.1,8.9,852.1,781.5,7,55.6
248,101,239.9,169.1,7.7,949.9,644.1,28,50.23
136,196,98,199,6,847,783,28,26.97
475,118.8,0,181.1,8.9,852.1,781.5,3,37.8
233.81,0,94.58,197.89,4.57,947.04,852.16,3,10.38
122.6,183.9,0,203.5,0,958.2,800.1,90,33.19
425,106.3,0,153.5,16.5,852.1,887.1,7,49.2
425,106.3,0,153.5,16.5,852.1,887.1,28,60.29
194.68,0,100.52,165.62,7.48,1006.4,905.9,3,12.45
151.8,178.1,138.7,167.5,18.3,944,694.6,28,36.35
237.5,237.5,0,228,0,932,594,28,30.08
350,0,0,203,0,974,775,28,27.34
299.8,0,119.8,211.5,9.9,878.2,727.6,28,23.84
172.38,13.61,172.37,156.76,4.14,1006.3,856.4,14,29.75
155,183,0,193,9,877,868,28,23.79
213.72,98.05,24.51,181.71,6.86,1065.8,785.38,14,30.39
200,133,0,192,0,965.4,806.2,3,11.41
166,0,260,183,13,859,827,28,40.34
362.6,189,0,164.9,11.6,944.7,755.8,56,77.3
213.72,98.05,24.51,181.71,6.86,1065.8,785.38,100,53.9
469,117.2,0,137.8,32.2,852.1,840.5,56,69.3
147.8,175.1,0,171.2,2.2,1000,828.5,28,26.92
309,0,142,218,10,912,680,28,38.59
380,0,0,228,0,932,670,90,52.91
298,0,107,210,11,880,744,28,31.87
376,0,0,214.6,0,1003.5,762.36,56,36.3
202,11,141,206,1.72,942,801,7,15.07
239.6,359.4,0,185.7,0,941.6,664.3,28,39.44
332.5,142.5,0,228,0,932,594,28,33.02
140,133,103,200,7,916,753,28,36.44
148,0,182,181,15,839,884,28,15.52
160.2,0.3,240,233.5,9.2,781,841.1,28,36.19
439,177,0,186,11.1,884.9,707.9,3,39.3
237.5,237.5,0,228,0,932,594,7,26.26
135.7,203.5,0,185.7,0,1076.2,759.3,7,7.51
173,116,0,192,0,946.8,856.8,3,6.94
277,0,0,191,0,968,856,180,32.33
349,0,0,192,0,1047,806,3,14.99
145,106,136,208,10,751,883,28,26.02
238.1,0,0,185.7,0,1118.8,789.3,28,17.58
152,139,178,168,18,944,695,28,38.86
337.9,189,0,174.9,9.5,944.7,755.8,28,49.9
229.68,0,118.16,195.23,6.13,1028.1,757.63,14,22.32
295.8,0,0,185.7,0,1091.4,769.3,28,25.22
166.09,0,163.27,176.46,4.49,1058.6,780.09,100,33.54
231.75,0,121.62,173.96,6.72,1056.4,778.45,28,33.73
167.35,129.9,128.62,175.46,7.79,1006.3,746.6,14,31.81
166.09,0,163.27,176.46,4.49,1058.6,780.09,56,28.63
200,200,0,190,0,1145,660,28,49.25
142,130,167,174,11,883,785,28,36.72
295,106,136,206,11,750,766,28,41.01
296,0,0,192,0,1085,765,28,21.65
425,106.3,0,153.5,16.5,852.1,887.1,3,33.4
238.05,0,94.11,186.66,7,949.91,847.01,3,19.93
190.68,0,125.4,162.14,7.77,1090,804.01,28,26.4
291,104,0,231,9,857,725,28,30.43
251.81,0,99.94,146.14,12.35,1006,899.76,56,44.14
231.75,0,121.62,173.96,6.72,1056.4,778.45,3,15.44
401.8,94.7,0,147.4,11.4,946.8,852.1,91,75.5
181.38,0,167.01,169.59,7.56,1055.6,777.8,100,45.37
313,124,0,205,11,846,758,28,29.63
266,114,0,228,0,932,670,365,52.91
331,0,0,192,0,1025,821,7,17.44
140.2,30.5,239,169.4,5.3,1028.4,742.7,28,36.32
389.9,189,0,145.9,22,944.7,755.8,56,79.4
425,106.3,0,153.5,16.5,852.1,887.1,3,33.4
144,170,133,192,8,814,805,28,29.87
212.52,0,100.37,159.32,8.71,1007.8,903.59,56,42.55
397,17.2,158,167,20.8,967,633,28,55.65
212,0,124.78,159,7.84,1085.4,799.54,100,47.82
275,99,127,184,13,810,790,28,43.54
374,189.2,0,170.1,10.1,926.1,756.7,28,61.09
284,15,141,179,5.46,842,801,56,44.52
425,106.3,0,151.4,18.6,936,803.7,28,61.8
307,110,0,189,10,904,765,28,31.5
540,0,0,162,2.5,1055,676,28,61.89
184.3,153.4,239.2,179,7.5,920.2,640.9,28,41.01
522,0,0,146,0,896,896,28,74.99
389.9,189,0,145.9,22,944.7,755.8,28,74.5
135.7,203.5,0,185.7,0,1076.2,759.3,28,18.2
290.35,0,96.18,168.08,9.41,961.18,865,14,34.67
446,24,79,162,10.3,967,712,28,53.39
160,250,0,168,12,1049,688,28,39.45
222.36,0,96.67,189.29,4.46,967.08,870.32,100,40.71
318.8,212.5,0,155.7,14.3,852.1,880.4,3,25.2
296,0,0,192,0,1085,765,90,29.39
337.9,189,0,174.9,9.5,944.7,755.8,56,59.89
193.5,290.2,0,185.7,0,998.2,704.3,28,32.63
170.3,155.5,0,185.7,0,1026.6,724.3,28,25.73
218.23,54.64,123.78,140.75,11.91,1075.7,792.67,100,63.53
173,116,0,192,0,946.8,856.8,28,24.28
190.34,0,125.18,166.61,9.88,1079,798.9,28,24.85
182.04,45.21,121.97,170.21,8.19,1059.4,780.65,14,21.5
159.1,186.7,0,175.6,11.3,989.6,788.9,28,32.77
439,177,0,186,11.1,884.9,707.9,56,71.7
284,120,0,168,7,970,794,28,40.93
212.07,0,121.62,180.31,5.69,1057.6,779.32,14,20.92
157,236,0,192,0,935.4,781.2,3,9.69
277.19,97.82,24.46,160.7,11.19,1061.7,782.46,14,47.71
252.5,0,0,185.7,0,1111.6,784.3,28,19.77
350,0,0,203,0,974,775,180,32.72
387,20,94,157,11.61,938,845,28,46.68
331,170,0,195,8,811,802,28,56.61
246.83,0,125.08,143.3,11.99,1086.8,800.89,3,23.52
165,128.5,132.1,175.06,8.08,1005.8,746.6,3,19.42
152.7,144.7,0,178.1,8,999.7,822.2,28,19.01
359,19,141,154,10.91,942,801,3,25.12
313.3,262.2,0,175.5,8.6,1046.9,611.8,28,59.8
385,0,136,158,20,903,768,28,55.55
146.5,114.6,89.3,201.9,8.8,860,829.5,28,19.99
275,0,0,183,0,1088,808,7,14.2
236,0,0,194,0,968,885,3,6.47
382.5,0,0,185.7,0,1047.8,739.3,28,37.44
238.05,0,94.11,186.66,7,949.91,847.01,28,30.23
168.88,42.22,124.25,158.33,10.83,1080.8,796.15,100,48.15
284,119.7,0,168.3,7.2,970.4,794.2,28,40.93
379.5,151.2,0,153.9,15.9,1134.3,605,3,28.6
540,0,0,173,0,1125,613,7,52.61
379.5,151.2,0,153.9,15.9,1134.3,605,91,56.5
288,121,0,177,7,908,829,28,42.13
140.2,44.8,234.9,171.3,5.5,1047.6,704,28,33.78
277.05,0,97.39,160.6,11.83,973.9,875.61,28,48.28
491,26,123,210,3.93,882,699,3,25.61
362.6,189,0,164.9,11.6,944.7,755.8,7,55.9
480,0,0,192,0,936.2,712.2,90,54.32
147,89,115,202,9,860,829,28,25.21
331,0,0,192,0,1025,821,90,37.91
237.5,237.5,0,228,0,932,594,270,38.41
178.03,129.8,118.6,179.94,3.57,1007.3,746.8,56,48.59
152,178,139,168,18,944,695,28,36.35
229.68,0,118.16,195.23,6.13,1028.1,757.63,100,40.86
231.75,0,121.62,173.96,6.72,1056.4,778.45,14,26.77
272.8,181.9,0,185.7,0,1012.4,714.3,28,31.38
298.1,0,107,186.4,6.1,879,815.2,28,42.64
155,0,143,193,9,877,868,28,9.74
326,166,0,174,9,882,790,28,61.23
288,192,0,192,0,932,717.8,3,16.11
238.2,158.8,0,185.7,0,1040.6,734.3,7,15.69
366,187,0,191.3,6.6,824.3,756.9,28,65.91
228,342.1,0,185.7,0,955.8,674.3,7,21.92
279.8,128.9,100.4,172.4,9.5,825.1,804.9,28,52.83
356,119,0,160,9.03,1061,657,28,59
254,0,0,198,0,968,863,3,9.31
255,0,0,192,0,889.8,945,90,21.86
362.6,189,0,164.9,11.6,944.7,755.8,3,35.3
362.6,189,0,164.9,11.6,944.7,755.8,7,55.9
300,0,0,184,0,1075,795,28,26.85
212.07,0,121.62,180.31,5.69,1057.6,779.32,28,24.9
500,0,0,200,0,1125,613,7,33.21
298,0,107,164,13,953,784,28,35.86
133,200,0,192,0,927.4,839.2,28,27.87
290.2,193.5,0,185.7,0,998.2,704.3,28,33.04
424,22,132,178,8.48,822,750,56,65.7
162,207,172,216,10,822,638,28,39.84
153.6,144.2,112.3,220.1,10.1,923.2,657.9,28,16.5
178.03,129.8,118.6,179.94,3.57,1007.3,746.8,3,20.73
314,0,113,170,10,925,783,28,38.46
155.6,243.5,0,180.3,10.7,1022,697.7,28,37.36
387,20,94,157,14.32,938,845,3,22.75
425,106.3,0,153.5,16.5,852.1,887.1,28,60.29
275.07,0,121.35,159.48,9.9,1053.6,777.5,3,23.8
297,0,0,186,0,1040,734,7,30.96
525,0,0,189,0,1125,613,7,42.42
331,0,0,192,0,978,825,28,31.45
250,0,95.69,187.42,5.53,956.86,861.17,3,13.82
356,142,0,193,11,801,778,28,36.46
194.68,0,100.52,165.62,7.48,1006.4,905.9,56,33.96
305.3,203.5,0,203.5,0,965.4,631,28,43.38
255,0,0,192,0,889.8,945,3,8.2
380,95,0,228,0,932,594,7,32.82
218.23,54.64,123.78,140.75,11.91,1075.7,792.67,14,35.96
439,177,0,186,11.1,884.9,707.9,7,56.1
133.1,210.2,0,195.7,3.1,949.4,795.3,28,28.94
276,116,90,180,9,870,768,28,44.28
288,0,121,177,7,908,829,28,39.93
446,24,79,162,11.61,967,712,3,35.36
313,161,0,178,10,917,759,28,52.44
203.5,135.7,0,185.7,0,1076.2,759.3,28,22.63
376,0,0,214.6,0,1003.5,762.36,14,25.62
213.5,0,174.24,159.21,11.66,1043.6,771.9,3,15.61
376,0,0,214.6,0,1003.5,762.36,28,31.97
133,200,0,192,0,927.4,839.2,7,13.66
405,0,0,175,0,1120,695,28,52.3
393,0,0,192,0,940,758,28,39.58
210.7,316.1,0,185.7,0,977,689.3,28,37.81
331,0,0,192,0,1025,821,3,14.31
167.95,42.08,163.83,121.75,5.72,1058.7,780.11,14,17.82
236,157,0,192,0,972.6,749.1,28,32.88
425,106.3,0,153.5,16.5,852.1,887.1,28,60.29
190.68,0,125.4,162.14,7.77,1090,804.01,56,35.34
146,178,0,192,11,961,749,28,17.19
152,0,112,184,8,992,816,28,12.18
250.2,166.8,0,203.5,0,977.6,694.1,28,36.96
356,0,142,193,11,801,778,28,40.87
427.5,47.5,0,228,0,932,594,28,37.43
424,22,132,168,8.92,822,750,3,32.11
233.81,0,94.58,197.89,4.57,947.04,852.16,14,22.14
154,174,185,228,7,845,612,28,24.34
261,100,78,201,9,864,761,28,32.4
165,128.5,132.1,175.06,8.08,1005.8,746.6,100,55.02
300,0,0,184,0,1075,795,7,15.58
446,24,79,162,11.64,967,712,7,38.02
321,0,128,182,11,870,780,28,37.26
251.37,0,118.27,188.45,6.35,1028.4,757.73,100,44.21
190,190,0,228,0,932,670,270,50.66
160,188,146,203,11,829,710,28,32.84
339,0,0,197,0,968,781,7,20.97
339,0,0,197,0,968,781,180,36.45
251.37,0,118.27,188.45,6.35,1028.4,757.73,3,13.12
152.6,238.7,0,200,6.3,1001.8,683.9,28,26.86
332.5,142.5,0,228,0,932,594,7,30.28
516,0,0,162,8.26,801,802,28,41.37
158,0,195,220,11,898,713,28,8.54
172.8,158.3,239.5,166.4,7.4,952.6,644.1,28,41.81
305,100,0,196,10,959,705,28,29.77
158.8,238.2,0,185.7,0,1040.6,734.3,28,21.07
380,0,0,228,0,932,670,365,52.52
355.9,0,141.6,193.3,11,801.4,778.4,28,40.87
427.5,47.5,0,228,0,932,594,180,41.84
376,0,0,214.6,0,1003.5,762.36,100,43.06
173.54,50.05,173.53,164.77,6.47,1006.2,793.5,28,38.2
136.4,161.6,125.8,171.6,10.4,922.6,764.4,28,29.07
277,0,0,191,0,968,856,28,25.97
222.36,0,96.67,189.29,4.46,967.08,870.32,3,11.58
424,22,132,178,8.48,822,750,7,39
154.8,0,142.8,193.3,9.1,877.2,867.7,28,9.74
153,0,239,200,6,1002,684,28,28.29
323.7,282.8,0,183.8,10.3,942.7,659.9,3,28.3
173.54,50.05,173.53,164.77,6.47,1006.2,793.5,3,23.08
155,183,0,193,9,1047,697,28,18.28
332,0,170,160,6,900,806,28,58.53
313,112,0,220,10,794,789,28,28.16
266,114,0,228,0,932,670,28,45.85
326.5,0,137.9,199,10.8,801.1,792.5,28,38.63
266.2,112.3,87.5,177.9,10.4,909.7,744.5,28,39.42
505,0,60,195,0,1030,630,28,64.02
296,0,0,186,0,1090,769,28,25.18
339,0,0,185,0,1060,754,28,31.65
203.5,305.3,0,203.5,0,963.4,630,7,19.54
305.3,203.5,0,203.5,0,965.4,631,90,54.6
540,0,0,173,0,1125,613,3,41.64
289,0,0,192,0,913.2,895.3,3,11.65
190.68,0,125.4,162.14,7.77,1090,804.01,3,15.04
236,0,0,194,0,968,885,14,12.84
220.8,147.2,0,185.7,0,1055,744.3,28,25.75
326,0,167,174,6,884,792,28,52.65
286.3,200.9,0,144.7,11.2,1004.6,803.7,56,72.99
314,145,113,179,8,869,690,28,46.23
312.7,0,0,178.1,8,999.7,822.2,28,25.1
290.35,0,96.18,168.08,9.41,961.18,865,100,48.97
388.6,97.1,0,157.9,12.1,852.1,925.7,91,57.6
212.57,0,100.39,159.35,10.37,1003.8,903.79,3,13.33
150.7,0,185.3,166.7,15.6,1074.5,678,28,13.46
249.1,0,98.75,158.11,12.8,987.76,889.01,3,15.36
446,24,79,162,11.64,967,712,56,55.25
332.5,142.5,0,228,0,932,594,365,41.05
540,0,0,162,2.5,1040,676,28,79.99
312.9,160.5,0,177.6,9.6,916.6,759.5,28,52.45
200,0,0,180,0,1125,845,28,12.25
520,0,0,175,5.2,870,805,28,51.02
190,190,0,228,0,932,670,180,46.93
166,259.7,0,183.2,12.7,858.8,826.8,28,37.92
276.4,116,90.3,179.6,8.9,870.1,768.3,28,44.28
213.76,98.06,24.52,181.74,6.65,1066,785.52,100,49.97
162,214,164,202,10,820,680,28,30.65
485,0,0,146,0,1120,800,28,71.99
325,0,0,184,0,1063,783,7,17.54
425,106.3,0,151.4,18.6,936,803.7,91,66.7
233.81,0,94.58,197.89,4.57,947.04,852.16,56,27.66
250,0,95.69,191.84,5.33,948.9,857.2,14,24.66
349,0,0,192,0,1056,809,7,9.01
145.4,0,178.9,201.7,7.8,824,868.7,28,10.54
286.3,200.9,0,144.7,11.2,1004.6,803.7,3,24.4
198.6,132.4,0,192,0,978.4,825.5,28,28.02
218.85,0,124.13,158.49,11.33,1078.7,794.91,56,37.27
310,0,143,168,10,914,804,28,49.3
277,0,0,191,0,968,856,90,31.25
143,169,143,191,8,967,643,28,29.72
194.68,0,100.52,170.17,7.48,998,901.8,56,43.39
277.19,97.82,24.46,160.7,11.19,1061.7,782.46,56,66.82
393,0,0,192,0,940,758,3,19.11
446,24,79,162,11.64,967,712,28,51.02
222.36,0,96.67,189.29,4.46,967.08,870.32,14,24.45
525,0,0,189,0,1125,613,180,61.92
122.6,183.9,0,203.5,0,958.2,800.1,7,10.35
250,0,95.69,187.42,5.53,956.86,861.17,56,38.33
401.8,94.7,0,147.4,11.4,946.8,852.1,3,41.1
397,0,0,185.7,0,1040.6,734.3,7,25.45
277.05,0,97.39,160.6,11.83,973.9,875.61,56,51.04
374,189.2,0,170.1,10.1,926.1,756.7,91,64.9
251.81,0,99.94,146.14,12.35,1006,899.76,28,33.94
374,0,0,190,7,1013,730,28,39.05
385,0,0,186,0,966,763,28,31.35
307,0,0,193,0,968,812,180,34.49
302,0,0,203,0,974,817,14,18.13
153,102,0,192,0,888,943.1,90,26.32
158.4,0,194.9,219.7,11,897.7,712.9,28,8.54
250.2,166.8,0,203.5,0,977.6,694.1,90,47.71
337.9,189,0,174.9,9.5,944.7,755.8,3,24.1
135,105,193,196,6,965,643,28,21.91
147,115,89,202,9,860,829,28,19.99
427.5,47.5,0,228,0,932,594,7,35.08
374,189.2,0,170.1,10.1,926.1,756.7,56,63.4
375,93.8,0,126.6,23.4,852.1,992.6,3,29
439,177,0,186,11.1,884.9,707.9,28,66
322,0,0,203,0,974,800,14,20.77
500,0,0,200,0,1125,613,270,55.16
251.37,0,118.27,192.94,5.75,1043.6,754.3,3,11.98
349,0,0,192,0,1047,806,90,39.49
491,26,123,201,3.93,822,699,7,37.92
540,0,0,173,0,1125,613,28,67.31
231.75,0,121.62,173.96,6.72,1056.4,778.45,56,42.7
213.76,98.06,24.52,181.74,6.65,1066,785.52,28,40.23
310,0,0,192,0,1012,830,7,17.24
480,0,0,192,0,936.2,712.2,7,34.57
312.7,144.7,0,127.3,8,999.7,822.2,28,44.52
150.4,110.9,239.7,168.1,6.5,1000.2,667.2,28,37.92
156,178,187,221,7,854,614,28,29.41
203.5,305.3,0,203.5,0,963.4,630,3,9.56
318.8,212.5,0,155.7,14.3,852.1,880.4,91,68.1
321,0,164,190,5,870,774,28,45.82
236,157,0,192,0,972.6,749.1,90,47.78
439,177,0,186,11.1,884.9,707.9,91,73.3
165,128.5,132.1,175.06,8.08,1005.8,746.6,28,46.39
380,95,0,228,0,932,594,90,40.56
272.8,105.1,81.8,209.7,9,904,679.7,28,37.17
446,24,79,162,11.64,967,712,7,39.3
305.3,203.5,0,203.5,0,965.4,631,3,14.14
164.2,0,200.1,181.2,12.6,849.3,846,28,15.09
143.3,91.8,239.8,200.8,6.2,964.8,647.1,28,27.09
500,0,0,200,0,1125,613,1,12.64
213.76,98.06,24.52,181.74,6.65,1066,785.52,14,17.84
336.5,0,0,181.9,3.4,985.8,816.8,28,44.87
331,0,0,192,0,1025,821,28,31.74
382,0,0,186,0,1047,739,28,37.42
213.5,0,174.24,154.61,11.66,1052.3,775.48,28,45.94
388.6,97.1,0,157.9,12.1,852.1,925.7,56,55.2
427.5,47.5,0,228,0,932,594,270,43.01
480,0,0,192,0,936,721,28,43.89
252.31,0,98.75,146.25,14.17,987.76,889.01,56,55.83
234,156,0,189,5.85,981,760,28,39.3
190,190,0,228,0,932,670,90,42.33
274,89,115,202,9,759,827,28,35.52
323.7,282.8,0,183.8,10.3,942.7,659.9,56,80.2
152,0,237,204,6,785,892,28,32.71
400,0,0,187,0,1025,745,7,30.14
213.5,0,174.24,159.21,11.66,1043.6,771.9,14,29.59
320,0,163,188,9,866,776,28,45.69
375,0,0,186,0,1038,758,7,26.06
213.74,0,174.74,154.79,10.16,1053.5,776.35,100,50.08
159,0,187,176,11,990,789,28,32.57
307,0,0,193,0,968,812,28,27.53
385,0,0,186,0,966,763,1,6.27
349,0,0,192,0,1047,806,180,41.05
214.9,53.8,121.89,155.63,9.61,1014.3,780.58,3,18.02
108.3,162.4,0,203.5,0,938.2,849,28,20.59
380,95,0,228,0,932,594,180,40.76
304,76,0,228,0,932,670,90,49.19
190.34,0,125.18,161.85,9.88,1088.1,802.59,3,9.45
237.5,237.5,0,228,0,932,594,180,36.25
162,148,191,179,16,840,743,28,41.81
251.37,0,118.27,188.45,6.35,1028.4,757.73,28,32.66
252,97,76,194,8,835,821,28,33.4
313,145,0,127,8,1000,822,28,44.52
480,0,0,192,0,936,721,3,24.39
146,230,0,202,3,827,872,28,33.06
375,93.8,0,126.6,23.4,852.1,992.6,56,60.2
332.5,142.5,0,228,0,932,594,270,40.27
393,0,0,192,0,940.6,785.6,3,19.2
222.36,0,96.67,189.29,4.46,967.08,870.32,56,29.45
277,117,91,191,7,946,666,28,43.57
213.5,0,174.24,154.61,11.66,1052.3,775.48,56,51.43
158.8,238.2,0,185.7,0,1040.6,734.3,7,9.62
194.68,0,100.52,170.17,7.48,998,901.8,28,37.27
251.37,0,118.27,192.94,5.75,1043.6,754.3,14,20.73
254,0,0,198,0,968,863,365,29.79
173.81,93.37,159.9,172.34,9.73,1007.2,746.6,28,37.81
362.6,189,0,164.9,11.6,944.7,755.8,91,79.3
150,237,0,174,12,1069,675,28,37.43
153,145,0,178,8,1000,822,28,19.01
342,136,0,225,11,770,747,28,32.04
260.9,100.5,78.3,200.6,8.6,864.5,761.5,28,32.4
153,102,0,192,0,888,943.1,3,4.78
266,112,87,178,10,910,745,28,39.42
525,0,0,189,0,1125,613,14,48.4
387,20,94,157,13.93,938,845,3,25.51
318,0,126,210,6,861,737,28,40.06
153,145,113,178,8,1002,689,28,25.56
313.3,262.2,0,175.5,8.6,1046.9,611.8,7,42.8
181.38,0,167.01,169.59,7.56,1055.6,777.8,56,35.57
139.6,209.4,0,192,0,1047,806.9,7,14.59
451,0,0,165,11.25,1030,745,28,78.8
333,0,0,192,0,931.2,842.6,7,23.4
108.3,162.4,0,203.5,0,938.2,849,7,7.72
375,93.8,0,126.6,23.4,852.1,992.6,91,62.5
359,19,141,154,10.91,942,801,56,68.75
287.3,120.5,93.9,187.6,9.2,904.4,695.9,28,43.8
151.6,0,111.9,184.4,7.9,992,815.9,28,12.18
141.9,166.6,129.7,173.5,10.9,882.6,785.3,28,44.61
366,187,0,191,7,824,757,28,65.91
310,0,0,192,0,1012,830,90,35.76
153,102,0,192,0,888,943.1,28,17.96
181.9,272.8,0,185.7,0,1012.4,714.3,7,12.37
165,0.02,143.57,163.81,0,1005.6,900.9,56,36.56
164,0,200,181,13,849,846,28,15.09
255,99,77,189,6,919,749,28,33.8
333,0,0,192,0,931.2,842.6,3,15.62
236,0,0,194,0,968,885,90,21.95
375,93.8,0,126.6,23.4,852.1,992.6,7,45.7
500,0,0,200,0,1125,613,180,51.04
154.8,183.4,0,193.3,9.1,877.2,867.7,28,23.79
212.57,0,100.39,159.35,10.37,1003.8,903.79,56,44.4
288,192,0,192,0,932,717.8,90,50.53
144,136,106,178,7,941,774,28,26.14
297.16,0,117.54,174.8,9.52,1022.8,753.45,14,36.99
212.52,0,100.37,159.32,8.71,1007.8,903.59,28,31.64
359,19,141,154,10.91,942,801,3,23.64
259.9,100.6,78.4,170.6,10.4,935.7,762.9,28,49.77
229.97,0,118.31,195.47,4.63,1029.4,758.59,56,31.54
165.3,143.2,238.3,200.4,7.1,883.2,652.6,28,32.84
295.71,0,95.64,171.54,8.87,955.14,859.2,28,39.94
310,0,0,192,0,970,850,90,34.68
233.81,0,94.58,197.89,4.57,947.04,852.16,100,34.56
469,117.2,0,137.8,32.2,852.1,840.5,91,70.7
203.5,305.3,0,203.5,0,963.4,630,90,51.86
246.83,0,125.08,143.3,11.99,1086.8,800.89,100,66.42
298,107,0,186,6,879,815,28,30.97
475,0,0,228,0,932,594,7,38.6
491,26,123,201,3.93,822,699,56,61.86
251.37,0,118.27,192.94,5.75,1043.6,754.3,28,33.27
540,0,0,173,0,1125,613,14,59.76
229.68,0,118.16,195.23,6.13,1028.1,757.63,56,31.35
469,117.2,0,137.8,32.2,852.1,840.5,28,66.9
322.2,0,115.6,196,10.4,817.9,813.4,28,31.18
425,106.3,0,151.4,18.6,936,803.7,3,36.3
300,0,120,212,10,878,728,28,23.84
339,0,0,197,0,968,781,3,13.22
250,0,95.69,191.84,5.33,948.9,857.2,56,39.64
250,0,95.69,191.84,5.33,948.9,857.2,28,27.22
251.37,0,118.27,188.45,5.75,1028.4,757.73,14,29.93
238.05,0,94.11,186.66,7,949.91,847.01,56,39.59
181.38,0,167.01,169.59,7.56,1055.6,777.8,3,13.62
213.74,0,174.74,154.79,10.16,1053.5,776.35,56,46.64
475,0,0,228,0,932,594,180,42.62
382,0,0,186,0,1047,739,7,24
192,288,0,192,0,929.8,716.1,90,50.73
212,141.3,0,203.5,0,973.4,750,3,6.81
212,0,124.78,159,7.84,1085.4,799.54,14,31.35
133,210,0,196,3,949,795,28,31.03
380,95,0,228,0,932,594,365,43.7
297.16,0,117.54,174.8,9.52,1022.8,753.45,3,21.91
148,109,139,193,7,768,902,28,28.03
275.07,0,121.35,159.48,9.9,1053.6,777.5,100,58.61
401.8,94.7,0,147.4,11.4,946.8,852.1,56,73.7
157,236,0,192,0,935.4,781.2,28,33.66
140,128,164,237,6,869,656,28,29.5
297.1,40.9,239.9,194,7.5,908.9,651.8,28,49.17
233.81,0,94.58,197.89,4.57,947.04,852.16,28,22.84
273,105,82,210,9,904,680,28,37.17
500,0,0,151,9,1033,655,28,69.84
342,38,0,228,0,932,670,180,52.12
238,0,0,186,0,1119,789,7,12.05
296,0,0,192,0,1085,765,7,14.2
141.3,212,0,203.5,0,971.8,748.5,3,4.83
178.03,129.8,118.6,179.94,3.57,1007.3,746.8,28,39.16
290.2,193.5,0,185.7,0,998.2,704.3,7,21.86
388.6,97.1,0,157.9,12.1,852.1,925.7,3,28.1
165,0.02,143.57,163.81,0,1005.6,900.9,3,14.4
313.3,0,113,178.5,8,1001.9,688.7,28,36.8
475,0,0,228,0,932,594,28,39.29
525,0,0,189,0,1125,613,270,67.11
167,75.4,167,164.03,7.91,1007.3,770.1,100,56.81
166.8,250.2,0,203.5,0,975.6,692.6,90,43.57
139.6,209.4,0,192,0,1047,806.9,180,44.21
362.6,189,0,164.9,11.6,944.7,755.8,28,71.3
213.5,0,174.24,154.61,11.66,1052.3,775.48,3,17.37
150.9,0,183.9,166.6,11.6,991.2,772.2,28,15.57
310,0,0,192,0,970,850,28,27.92
342,38,0,228,0,932,670,270,55.06
265,111,86,195,6,833,790,28,41.54
310,0,0,192,0,971,850.6,3,9.87
277.05,0,97.39,160.6,11.83,973.9,875.61,100,55.64
299,107,0,210,10,881,745,28,28.29
144.8,0,133.6,180.8,11.1,979.5,811.5,28,13.2
469,117.2,0,137.8,32.2,852.1,840.5,3,40.2
277.19,97.82,24.46,160.7,11.19,1061.7,782.46,28,63.14
342,38,0,228,0,932,670,90,50.46
277,0,0,191,0,968,856,14,21.26
149.5,236,0,175.8,12.6,846.8,892.7,28,32.96
362.6,189,0,164.9,11.6,944.7,755.8,28,71.3
157,236,0,192,0,935.4,781.2,7,16.89
475,0,0,162,9.5,1044,662,28,58.52
194.68,0,100.52,170.17,7.48,998,901.8,3,12.18
491,26,123,210,3.93,882,699,56,59.59
154,112,144,220,10,923,658,28,26.82
167,75.4,167,164.03,7.91,1007.3,770.1,14,32.9
252,0,0,186,0,1111,784,7,11.47
374,189.2,0,170.1,10.1,926.1,756.7,3,34.4
157,214,152,200,9,819,704,28,33.05
143.7,170.2,132.6,191.6,8.5,814.1,805.3,28,29.87
218.23,54.64,123.78,140.75,11.91,1075.7,792.67,56,61.99
183.9,122.6,0,203.5,0,959.2,800,7,10.79
331,0,0,192,0,879,825,3,13.52
250.2,166.8,0,203.5,0,977.6,694.1,3,9.73
374,189.2,0,170.1,10.1,926.1,756.7,7,46.2
157,236,0,192,0,935.4,781.2,90,43.38
331,0,0,192,0,1025,821,120,39.38
116,173,0,192,0,909.8,891.9,90,31.02
286.3,200.9,0,144.7,11.2,1004.6,803.7,91,76.8
528,0,0,185,6.86,920,720,28,56.83
316.1,210.7,0,185.7,0,977,689.3,28,38.7
173.81,93.37,159.9,172.34,9.73,1007.2,746.6,14,29.55
475,118.8,0,181.1,8.9,852.1,781.5,56,72.3
141.1,0.6,209.5,188.8,4.6,996.1,789.2,28,30.43
313.3,145,0,178.5,8,1001.9,688.7,28,41.05
321.4,0,127.9,182.5,11.5,870.1,779.7,28,37.27
290.35,0,96.18,168.08,9.41,961.18,865,28,34.74
531.3,0,0,141.8,28.2,852.1,893.7,28,56.4
322.5,148.6,0,185.8,8.5,951,709.5,28,52.43
144,15,195,176,6,1021,709,28,15.34
148,0,137,158,16,1002,830,28,17.95
236,0,0,193,0,968,885,180,24.1
151,0,184,167,12,991,772,28,15.57
480,0,0,192,0,936,721,90,54.28
255.5,170.3,0,185.7,0,1026.6,724.3,7,17.24
322,0,0,203,0,974,800,28,25.18
212.57,0,100.39,159.35,10.37,1003.8,903.79,28,37.4
198.6,132.4,0,192,0,978.4,825.5,90,38.07
326,0,138,199,11,801,792,28,40.68
362.6,189,0,164.9,11.6,944.7,755.8,56,77.3
354,0,0,234,6,959,691,28,33.91
202,11,141,206,1.72,942,801,56,23.25
362.6,189,0,164.9,11.6,944.7,755.8,28,71.3
387,20,94,157,11.61,938,845,3,34.77
140,128,164,183,12,871,775,28,33.38
213.76,98.06,24.52,181.74,6.65,1066,785.52,3,13.18
164.6,0,150.4,181.6,11.7,1023.3,728.9,28,18.03
334,17.6,158,189,15.3,967,633,28,44.33
212.57,0,100.39,159.35,10.37,1003.8,903.79,14,25.37
167.35,129.9,128.62,175.46,7.79,1006.3,746.6,3,14.94
315,137,0,145,5.9,1130,745,28,81.75
332.5,142.5,0,228,0,932,594,90,37.72
424,22,132,178,8.48,822,750,28,62.05
213.5,0,174.24,154.61,11.66,1052.3,775.48,100,59.3
289,0,0,192,0,913.2,895.3,90,32.07
141.3,212,0,203.5,0,971.8,748.5,28,29.89
250,0,95.69,187.42,5.53,956.86,861.17,100,42.35
296,0,107,221,11,819,778,28,31.42
278,0,117,205,9,875,799,28,32.71
317.9,0,126.5,209.7,5.7,860.5,736.6,28,40.06
393,0,0,192,0,940.6,785.6,7,27.74
277.19,97.82,24.46,160.7,11.19,1061.7,782.46,3,30.45
213.5,0,174.24,159.21,11.66,1043.6,771.9,56,51.26
304,76,0,228,0,932,670,270,54.38
362.6,189,0,164.9,11.6,944.7,755.8,3,35.3
387,20,94,157,11.61,938,845,7,41.67
139.6,209.4,0,192,0,1047,806.9,3,8.06
359,19,141,154,10.91,942,801,7,38.61
145,0,227,240,6,750,853,28,36.59
190.34,0,125.18,161.85,9.88,1088.1,802.59,14,22.72
172.38,13.61,172.37,156.76,4.14,1006.3,856.4,3,21.29
149,118,92,183,7,953,780,28,23.52
238,0,0,185,0,1118,789,28,17.54
213.5,0,174.24,159.21,11.66,1043.6,771.9,100,52.96
251.37,0,118.27,188.45,5.75,1028.4,757.73,3,17.22
239.6,359.4,0,185.7,0,941.6,664.3,7,25.42
252.31,0,98.75,146.25,14.17,987.76,889.01,14,42.29
500,0,0,200,0,1125,613,28,44.09
156,0,243,180,11,1022,698,28,33.78
142,130,167,215,6,735,836,28,31.37
313,0,113,178,8,1002,689,28,36.8
158,0,246,174,7,1035,706,28,34.99
276,90,116,180,9,870,768,28,44.08
158.6,148.9,116,175.1,15,953.3,719.7,28,27.68
379.5,151.2,0,153.9,15.9,1134.3,605,56,54.9
252,0,0,185,0,1111,784,28,19.69
382,0,0,185,0,1047,739,28,37.42
339.2,0,0,185.7,0,1069.2,754.3,7,21.18
320,127,164,211,6,721,723,28,46.36
339,0,0,197,0,968,781,28,32.04
139.7,163.9,127.7,236.7,5.8,868.6,655.6,28,35.23
342,38,0,228,0,932,670,365,56.14
250.2,166.8,0,203.5,0,977.6,694.1,7,19.35
254,0,0,198,0,968,863,180,27.63
212.07,0,121.62,180.31,5.69,1057.6,779.32,3,12.47
167.35,129.9,128.62,175.46,7.79,1006.3,746.6,56,51.72
362.6,189,0,164.9,11.6,944.7,755.8,7,55.9
173.81,93.37,159.9,172.34,9.73,1007.2,746.6,3,15.82
249.1,0,98.75,158.11,12.8,987.76,889.01,56,42.03
236,157,0,192,0,972.6,749.1,3,13.57
310,143,111,168,22,914,651,28,33.69
220.8,147.2,0,185.7,0,1055,744.3,7,13.09
108.3,162.4,0,203.5,0,938.2,849,3,2.33
387,20,94,157,13.93,938,845,56,47.97
165,150,0,182,12,1023,729,28,18.26
229.97,0,118.31,195.47,4.63,1029.4,758.59,28,24.48
167,75.4,167,164.03,7.91,1007.3,770.1,3,15.52
424,22,132,168,8.92,822,750,28,72.1
500,0,0,200,0,1125,613,14,36.94
252,76,97,194,8,835,821,28,33.11
397,0,0,185.7,0,1040.6,734.3,28,33.08
149,153,194,192,8,935,623,28,24.58
400,0,0,187,0,1025,745,28,43.7
348.7,0.1,223.1,208.5,9.6,786.2,758.1,28,48.77
145,116,119,184,5.7,833,880,28,29.16
424,22,132,178,8.48,882,750,3,32.01
295.71,0,95.64,171.54,8.87,955.14,859.2,3,22.95
198.6,132.4,0,192,0,978.4,825.5,7,14.64
350,0,0,186,0,1050,770,7,20.28
251.81,0,99.94,146.14,12.35,1006,899.76,14,33.36
139.9,132.6,103.3,200.3,7.4,916,753.4,28,36.44
167.35,129.9,128.62,175.46,7.79,1006.3,746.6,100,53.66
332.5,142.5,0,228,0,932,594,180,39.78
310,0,0,192,0,1012,830,3,11.85
229.97,0,118.31,195.47,4.63,1029.4,758.59,14,20.08
173.81,93.37,159.9,172.34,9.73,1007.2,746.6,100,50.94
164,163,128,197,8,961,641,28,27.23
339,0,0,185,0,1069,754,28,31.84
525,0,0,189,0,1125,613,90,58.78
170.3,155.5,0,185.7,0,1026.6,724.3,7,10.73
349,0,0,192,0,1047,806,7,18.13
148,175,0,171,2,1000,828,28,26.92
522,0,0,146,0,896,896,7,50.51
297.16,0,117.54,174.8,9.52,1022.8,753.45,28,47.4
149,117.6,91.7,182.9,7.1,953.4,780.3,28,23.52
135,0,166,180,10,961,805,28,13.29
182.04,45.21,121.97,170.21,8.19,1059.4,780.65,28,31.27
374,0,0,190,7,1013,730,28,32.44
168.88,42.22,124.25,158.33,10.83,1080.8,796.15,56,39.15
139.6,209.4,0,192,0,1047,806.9,360,44.7
194.68,0,100.52,170.17,7.48,998,901.8,14,24.28
277.05,0,97.39,160.6,11.83,973.9,875.61,3,23.14
163,149,191,180,12,843,746,28,41.14
491,26,123,201,3.93,822,699,3,29.55
425,106.3,0,153.5,16.5,852.1,887.1,56,64.3
116,173,0,192,0,909.8,891.9,28,22.35
236,157,0,192,0,972.6,749.1,7,20.42
304,0,140,214,6,895,722,28,38.46
289,0,0,192,0,913.2,895.3,7,14.6
166,260,0,183,13,859,827,28,37.91
212,0,124.78,159,7.84,1085.4,799.54,3,19.52
295.71,0,95.64,171.54,8.87,955.14,859.2,56,48.72
349,0,0,192,0,1056,809,3,15.87
425,106.3,0,153.5,16.5,852.1,887.1,91,65.2
213.72,98.05,24.51,181.71,6.86,1065.8,785.38,56,50.77
132,206.5,160.9,178.9,5.5,866.9,735.6,28,33.31
362.6,189,0,164.9,11.6,944.7,755.8,91,79.3
350,0,0,203,0,974,775,7,18.13
140.1,11.8,226.1,207.8,4.9,1020.9,683.8,28,26.28
167,75.4,167,164.03,7.91,1007.3,770.1,56,53.46
480,0,0,192,0,936.2,712.2,28,43.94
275,0,0,183,0,1088,808,28,24.5
362.6,189,0,164.9,11.6,944.7,755.8,28,71.3
166.8,250.2,0,203.5,0,975.6,692.6,28,33.95
173.81,93.37,159.9,172.34,9.73,1007.2,746.6,56,48.99
190.34,0,125.18,166.61,9.88,1079,798.9,100,33.56
321.3,164.2,0,190.5,4.6,870,774,28,57.22
190,190,0,228,0,932,670,28,40.86
183.9,122.6,0,203.5,0,959.2,800,28,24.05
310,0,143,218,10,787,804,28,36.19
250,0,95.69,187.42,5.53,956.86,861.17,28,29.22
194.68,0,100.52,170.17,7.48,998,901.8,100,44.28
228,342.1,0,185.7,0,955.8,674.3,28,39.7
249.1,0,98.75,158.11,12.8,987.76,889.01,14,28.68
252.1,97.1,75.6,193.8,8.3,835.5,821.4,28,33.4
167,187,195,185,7,898,636,28,23.89
251.37,0,118.27,188.45,6.35,1028.4,757.73,14,24.43
389.9,189,0,145.9,22,944.7,755.8,91,82.6
331,0,0,192,0,978,825,3,13.52
172.38,13.61,172.37,156.76,4.14,1006.3,856.4,56,35.85
153.1,145,113,178.5,8,867.2,824,28,26.23
298,107,137,201,6,878,655,28,41.27
359,19,141,154,10.91,942,801,28,59.49
349,0,178,230,6,785,721,28,43.95
491,26,123,210,3.93,882,699,7,33.49
307,0,0,193,0,968,812,365,36.15
190,190,0,228,0,932,670,365,53.69
425,106.3,0,153.5,16.5,852.1,887.1,91,65.2
194.68,0,100.52,165.62,7.48,1006.4,905.9,28,25.72
215.6,112.9,239,198.7,7.4,884,649.1,28,39.13
318.8,212.5,0,155.7,14.3,852.1,880.4,7,33.4
193.5,290.2,0,185.7,0,998.2,704.3,7,17.2
264.5,111,86.5,195.5,5.9,832.6,790.4,28,41.54
333,17.5,163,167,17.9,996,652,28,47.28
331,0,0,192,0,978,825,360,41.24
140,164,128,237,6,869,656,28,35.23
133,200,0,192,0,927.4,839.2,3,6.88
286.3,200.9,0,144.7,11.2,1004.6,803.7,28,67.7
229.97,0,118.31,195.47,4.63,1029.4,758.59,100,35.34
261.9,110.5,86.1,195.4,5,895.2,732.6,28,33.72
425,106.3,0,151.4,18.6,936,803.7,56,64.9
393,0,0,192,0,940.6,785.6,90,48.85
277,116.8,91,190.6,7,946.5,665.6,28,43.58
313.3,262.2,0,175.5,8.6,1046.9,611.8,3,28.8
446,24,79,162,11.64,967,712,3,23.35
143,169.4,142.7,190.7,8.4,967.4,643.5,28,29.73
213.72,98.05,24.51,181.71,6.86,1065.8,785.38,28,45.71
286.3,200.9,0,144.7,11.2,1004.6,803.7,7,38
154.8,0,142.8,193.3,9.1,1047.4,696.7,28,12.46
203.5,305.3,0,203.5,0,963.4,630,28,41.68
362.6,189,0,164.9,11.6,944.7,755.8,3,35.3
425,106.3,0,153.5,16.5,852.1,887.1,3,33.4
540,0,0,173,0,1125,613,90,69.66
190.34,0,125.18,166.61,9.88,1079,798.9,14,19.42
288,192,0,192,0,932,717.8,28,38.8
160,128,122,182,6.4,824,879,28,39.4
339,0,0,197,0,968,781,14,27.04
173,116,0,192,0,946.8,856.8,90,32.1
134.7,0,165.7,180.2,10,961,804.9,28,13.29
336,134,0,222,6,756,787,28,31.9
213.74,0,174.74,154.79,10.16,1053.5,776.35,3,17.57
142,167,130,174,11,883,785,28,44.61
359,19,141,154,10.91,942,801,28,62.94
200,133,0,192,0,965.4,806.2,28,30.44
425,106.3,0,151.4,18.6,936,803.7,7,46.8
266,114,0,228,0,932,670,180,48.7
251.81,0,99.94,146.14,12.35,1006,899.76,100,45.37
173.54,50.05,173.53,164.77,6.47,1006.2,793.5,100,56.06
424,22,132,168,8.92,822,750,7,40.29
122.6,183.9,0,203.5,0,958.2,800.1,28,24.29
387,20,94,157,11.61,938,845,56,61.46
144,0,175,158,18,943,844,28,15.42
275,180,120,162,10.35,830,765,28,76.24
366,0,187,191,7,824,757,28,52.65
520,0,0,170,5.2,855,855,28,60.28
143.6,0,174.9,158.4,17.9,942.7,844.5,28,15.42
349,0,0,192,0,1056,809,120,40.86
500,0,0,200,0,1125,613,90,47.22
337.9,189,0,174.9,9.5,944.7,755.8,7,35.1
148.1,0,182.1,181.4,15,838.9,884.3,28,15.53
304,140,0,214,6,895,722,28,33.42
425,106.3,0,153.5,16.5,852.1,887.1,56,64.3
190.34,0,125.18,166.61,9.88,1079,798.9,3,12.55
198.6,132.4,0,192,0,978.4,825.5,3,9.13
531.3,0,0,141.8,28.2,852.1,893.7,7,46.9
325.6,166.4,0,174,8.9,881.6,790,28,61.24
295,0,0,185,0,1069,769,28,25.18
159,0,248,175,12,1041,683,28,35.39
305.3,203.5,0,203.5,0,965.4,631,7,25.89
102,153,0,192,0,887,942,3,4.57
145.9,230.5,0,202.5,3.4,827,871.8,28,32.72
183.9,122.6,0,203.5,0,959.2,800,3,4.9
190.34,0,125.18,161.85,9.88,1088.1,802.59,28,28.47
190.34,0,125.18,166.61,9.88,1079,798.9,56,31.72
250,0,0,182,0,1100,820,28,20.87
155.2,183.9,143.2,193.8,9.2,879.6,698.5,28,28.99
160.2,188,146.4,203.2,11.3,828.7,709.7,28,35.31
295.3,0,239.9,236.2,8.3,780.3,722.9,28,44.08
339.2,0,0,185.7,0,1069.2,754.3,28,31.9
475,0,0,228,0,932,594,365,41.93
238.05,0,94.11,186.66,7,949.91,847.01,14,25.69
540,0,0,173,0,1125,613,180,71.62
281,0,0,186,0,1104,774,7,14.5
425,106.3,0,153.5,16.5,852.1,887.1,7,49.2
280,92,118,207,9,883,679,28,37.39
387,20,94,157,14.32,938,845,7,36.84
446,24,79,162,11.64,967,712,56,56.14
331,0,0,192,0,978,825,180,39
145,0,179,202,8,824,869,28,10.54
446,24,79,162,10.3,967,712,56,54.77
155.4,122.1,240,179.9,6.7,966.8,652.5,28,35.52
246.83,0,125.08,143.3,11.99,1086.8,800.89,28,52.5
173,116,0,192,0,946.8,856.8,7,11.39
229.68,0,118.16,195.23,6.13,1028.1,757.63,28,24.54
302,0,0,203,0,974,817,28,21.75
222.36,0,96.67,189.29,4.46,967.08,870.32,28,24.89
229.68,0,118.16,195.23,6.13,1028.1,757.63,3,13.36
236,0,0,193,0,968,885,365,25.08
339,0,0,197,0,968,781,90,35.17
350,0,0,203,0,974,775,90,31.35
380,0,0,228,0,932,670,270,53.3
272.8,181.9,0,185.7,0,1012.4,714.3,7,19.77
162,190.1,148.1,178.8,18.8,838.1,741.4,28,33.76
122.6,183.9,0,203.5,0,958.2,800.1,3,3.32
318.8,212.5,0,155.7,14.3,852.1,880.4,28,55.5
295,106,136,208,6,871,650,28,39.4
251.81,0,99.94,146.14,12.35,1006,899.76,3,21.02
212.57,0,100.39,159.35,10.37,1003.8,903.79,100,47.74
225,0,0,181,0,1113,833,28,17.34
325,0,0,184,0,1063,783,28,30.57
251.37,0,118.27,188.45,5.75,1028.4,757.73,28,29.65
190.34,0,125.18,161.85,9.88,1088.1,802.59,100,40.39
330.5,169.6,0,194.9,8.1,811,802.3,28,56.62
376,0,0,214.6,0,1003.5,762.36,3,16.28
153,145,113,178,8,867,824,28,26.23
304,76,0,228,0,932,670,180,50.95
387,20,94,157,13.93,938,845,28,46.68
322,0,116,196,10,818,813,28,31.18
212,141.3,0,203.5,0,973.4,750,7,15.03
146,106,137,209,6,875,765,28,27.89
374.3,0,0,190.2,6.7,1013.2,730.4,28,39.06
254,0,0,198,0,968,863,90,26.94
154.8,183.4,0,193.3,9.1,1047.4,696.7,28,18.29
145,177,227,209,11,752,715,28,35.66
251.37,0,118.27,192.94,5.75,1043.6,754.3,100,40.15
531.3,0,0,141.8,28.2,852.1,893.7,3,41.3
446,24,79,162,11.61,967,712,28,57.03
237,92,71,247,6,853,695,28,28.63
218.23,54.64,123.78,140.75,11.91,1075.7,792.67,28,55.51
167.35,129.9,128.62,175.46,7.79,1006.3,746.6,28,41.2
313.3,262.2,0,175.5,8.6,1046.9,611.8,56,64.9
362.6,189,0,164.9,11.6,944.7,755.8,56,77.3
212,141.3,0,203.5,0,973.4,750,90,39.7
218.85,0,124.13,158.49,11.33,1078.7,794.91,14,26.05
382,0,0,185,0,1047,739,7,24
153,102,0,192,0,888,943.1,7,8.37
166.09,0,163.27,176.46,4.49,1058.6,780.09,14,25.48
296,0,0,186,0,1090,769,7,18.91
393,0,0,192,0,940,758,90,48.79
149,139,109,193,6,892,780,28,23.69
500,0,0,140,4,966,853,28,67.57
182.04,45.21,121.97,170.21,8.19,1059.4,780.65,56,43.5
236,0,0,194,0,968,885,28,18.42
252,0,0,185,0,1111,784,28,19.69
255.3,98.8,77,188.6,6.5,919,749.3,28,33.8
