800,6,1,1,262.5,210,588.8,1251.2,0,87.5,0,0,0,0,0,0,0,0,0,15.8
800,6,1,1,357.5,176,542.7,1153.3,55,137.5,0,0,1.8,0,0,0,0,0,0,24.9
800,6,1,1,357.5,176,542.7,1153.3,55,137.5,0,0,1.8,78,20,60,0,0,0,38.7
800,6,1,1,357.5,176,542.7,1153.3,55,137.5,0,0,1.8,0,20,60,1.82,25,60,23.8
25,6,0,1,262.5,210,588.8,1251.2,0,87.5,0,0,0,0,0,0,0,0,0,34.9
25,6,0,1,357.5,176,542.7,1153.3,55,137.5,0,0,1.8,0,0,0,0,0,0,97.3
25,6,0,1,357.5,176,542.7,1153.3,55,137.5,0,0,1.8,78,20,60,0,0,0,113.5
25,6,0,1,357.5,176,542.7,1153.3,55,137.5,0,0,1.8,0,20,60,1.82,25,60,99.1
800,2.5,1,2,500,145,725,1075,0,0,0,0,1,0,0,0,0,0,0,17.64
800,2.5,1,2,500,145,725,1075,0,0,0,0,1,78,25,60,0,0,0,23.8
800,2.5,1,2,500,145,725,1075,0,0,0,0,1,0,0,0,2,19,360,17.07
800,2.5,1,2,500,145,725,1075,0,0,0,0,1,78,25,60,2,19,360,22.53
800,2.5,1,2,400,145,695,1075,0,0,0,100,1,0,0,0,0,0,0,15.76
800,2.5,1,2,400,145,695,1075,0,0,0,100,1,78,25,60,0,0,0,21.41
800,2.5,1,2,400,145,695,1075,0,0,0,100,1,0,0,0,0,0,0,14.98
800,2.5,1,2,400,145,695,1075,0,0,0,100,1,0,0,0,2,19,360,14.49
800,2.5,1,2,400,145,695,1075,0,0,0,100,1,78,25,60,2,19,360,17.81
800,2.5,1,2,450,145,710,1075,50,0,0,0,1,0,0,0,0,0,0,20.55
800,2.5,1,2,450,145,710,1075,50,0,0,0,1,78,25,60,0,0,0,23.46
800,2.5,1,2,450,145,710,1075,50,0,0,0,1,0,0,0,1,19,360,15.55
800,2.5,1,2,450,145,710,1075,50,0,0,0,1,0,0,0,2,19,360,14.09
800,2.5,1,2,450,145,710,1075,50,0,0,0,1,78,25,60,2,19,360,19.25
600,2.5,1,2,500,145,725,1075,0,0,0,0,1,0,0,0,0,0,0,32.79
600,2.5,1,2,500,145,725,1075,0,0,0,0,1,78,25,60,0,0,0,38.95
600,2.5,1,2,500,145,725,1075,0,0,0,0,1,0,0,0,2,19,360,34.31
600,2.5,1,2,500,145,725,1075,0,0,0,0,1,78,25,60,2,19,360,36.19
600,2.5,1,2,400,145,695,1075,0,0,0,100,1,0,0,0,0,0,0,33.28
600,2.5,1,2,400,145,695,1075,0,0,0,100,1,78,25,60,0,0,0,38.72
600,2.5,1,2,400,145,695,1075,0,0,0,100,1,0,0,0,0,0,0,35.1
600,2.5,1,2,400,145,695,1075,0,0,0,100,1,0,0,0,2,19,360,31.69
600,2.5,1,2,400,145,695,1075,0,0,0,100,1,78,25,60,2,19,360,38.65
600,2.5,1,2,450,145,710,1075,50,0,0,0,1,0,0,0,0,0,0,37.84
600,2.5,1,2,450,145,710,1075,50,0,0,0,1,78,25,60,0,0,0,39.19
600,2.5,1,2,450,145,710,1075,50,0,0,0,1,0,0,0,1,19,360,36.85
600,2.5,1,2,450,145,710,1075,50,0,0,0,1,0,0,0,2,19,360,33.76
600,2.5,1,2,450,145,710,1075,50,0,0,0,1,78,25,60,2,19,360,37.69
25,0,0,2,500,145,725,1075,0,0,0,0,1,0,0,0,0,0,0,69.1
25,0,0,2,500,145,725,1075,0,0,0,0,1,78,25,60,0,0,0,71.4
25,0,0,2,500,145,725,1075,0,0,0,0,1,0,0,0,2,19,360,68.5
25,0,0,2,500,145,725,1075,0,0,0,0,1,78,25,60,2,19,360,69.6
25,0,0,2,400,145,695,1075,0,0,0,100,1,0,0,0,0,0,0,86.1
25,0,0,2,400,145,695,1075,0,0,0,100,1,78,25,60,0,0,0,87.5
25,0,0,2,400,145,695,1075,0,0,0,100,1,0,0,0,0,0,0,86.1
25,0,0,2,400,145,695,1075,0,0,0,100,1,0,0,0,2,19,360,84.6
25,0,0,2,400,145,695,1075,0,0,0,100,1,78,25,60,2,19,360,86
25,0,0,2,450,145,710,1075,50,0,0,0,1,0,0,0,0,0,0,82.8
25,0,0,2,450,145,710,1075,50,0,0,0,1,78,25,60,0,0,0,83.7
25,0,0,2,450,145,710,1075,50,0,0,0,1,0,0,0,1,19,360,81.8
25,0,0,2,450,145,710,1075,50,0,0,0,1,0,0,0,2,19,360,81.2
25,0,0,2,450,145,710,1075,50,0,0,0,1,78,25,60,2,19,360,82.9
25,0,0,2,605.1391863,229.9528908,1033.638244,950.8552034,0,0,0,0,0.2,0,0,0,0,0,0,76.04
25,0,0,2,605.1391863,229.9528908,1033.638244,950.8552034,0.61,30.26,0,0,0.2,39.25,25,45.25,0.3636,10,66.67,75.59
25,0,0,2,605.1391863,229.9528908,1033.638244,950.8552034,1.21,30.26,0,0,0.2,58.88,25,45.25,0.7272,10,66.67,74.98
25,0,0,2,605.1391863,229.9528908,1033.638244,950.8552034,1.82,30.26,0,0,0.2,78.5,25,45.25,1.0908,10,66.67,70.6
25,0,0,2,605.1391863,229.9528908,1033.638244,950.8552034,2.42,30.26,0,0,0.2,78.5,25,45.25,0.7272,10,66.67,76.61
25,0,0,2,605.1391863,229.9528908,1033.638244,950.8552034,0.61,60.51,0,0,0.2,58.88,25,45.25,1.0908,10,66.67,76.16
25,0,0,2,605.1391863,229.9528908,1033.638244,950.8552034,1.21,60.51,0,0,0.2,39.25,25,45.25,1.4544,10,66.67,81.39
25,0,0,2,605.1391863,229.9528908,1033.638244,950.8552034,1.82,60.51,0,0,0.2,98.13,25,45.25,0.3636,10,66.67,69.12
25,0,0,2,605.1391863,229.9528908,1033.638244,950.8552034,2.42,60.51,0,0,0.2,78.5,25,45.25,0.7272,10,66.67,81.28
25,0,0,2,605.1391863,229.9528908,1033.638244,950.8552034,0.61,90.77,0,0,0.2,78.5,25,45.25,1.4544,10,66.67,92.17
25,0,0,2,605.1391863,229.9528908,1033.638244,950.8552034,1.21,90.77,0,0,0.2,98.13,25,45.25,1.0908,10,66.67,72.66
25,0,0,2,605.1391863,229.9528908,1033.638244,950.8552034,1.82,90.77,0,0,0.2,39.25,25,45.25,0.7272,10,66.67,86.39
25,0,0,2,605.1391863,229.9528908,1033.638244,950.8552034,2.42,90.77,0,0,0.2,58.88,25,45.25,0.3636,10,66.67,89.1
25,0,0,2,605.1391863,229.9528908,1033.638244,950.8552034,0.61,121.03,0,0,0.2,98.13,25,45.25,0.7272,10,66.67,77.46
25,0,0,2,605.1391863,229.9528908,1033.638244,950.8552034,1.21,121.03,0,0,0.2,78.5,25,45.25,0.3636,10,66.67,76.7
25,0,0,2,605.1391863,229.9528908,1033.638244,950.8552034,1.82,121.03,0,0,0.2,58.88,25,45.25,1.4544,10,66.67,66.17
25,2.5,0,2,605.1391863,229.9528908,1033.638244,950.8552034,2.42,121.03,0,0,0.2,39.25,25,45.25,1.0908,10,66.67,66.04
100,2.5,1,2,605.1391863,229.9528908,1033.638244,950.8552034,0,0,0,0,0.2,0,0,0,0,0,0,64.47
100,2.5,1,2,605.1391863,229.9528908,1033.638244,950.8552034,0.61,30.26,0,0,0.2,39.25,25,45.25,0.3636,10,66.67,70.53
100,2.5,1,2,605.1391863,229.9528908,1033.638244,950.8552034,1.21,30.26,0,0,0.2,58.88,25,45.25,0.7272,10,66.67,69.4
100,2.5,1,2,605.1391863,229.9528908,1033.638244,950.8552034,1.82,30.26,0,0,0.2,78.5,25,45.25,1.0908,10,66.67,67.03
100,2.5,1,2,605.1391863,229.9528908,1033.638244,950.8552034,2.42,30.26,0,0,0.2,78.5,25,45.25,0.7272,10,66.67,71.87
100,2.5,1,2,605.1391863,229.9528908,1033.638244,950.8552034,0.61,60.51,0,0,0.2,58.88,25,45.25,1.0908,10,66.67,70.57
100,2.5,1,2,605.1391863,229.9528908,1033.638244,950.8552034,1.21,60.51,0,0,0.2,39.25,25,45.25,1.4544,10,66.67,77.24
100,2.5,1,2,605.1391863,229.9528908,1033.638244,950.8552034,1.82,60.51,0,0,0.2,98.13,25,45.25,0.3636,10,66.67,64.86
100,2.5,1,2,605.1391863,229.9528908,1033.638244,950.8552034,2.42,60.51,0,0,0.2,78.5,25,45.25,0.7272,10,66.67,75.56
100,2.5,1,2,605.1391863,229.9528908,1033.638244,950.8552034,0.61,90.77,0,0,0.2,78.5,25,45.25,1.4544,10,66.67,86.49
100,2.5,1,2,605.1391863,229.9528908,1033.638244,950.8552034,1.21,90.77,0,0,0.2,98.13,25,45.25,1.0908,10,66.67,68.46
100,2.5,1,2,605.1391863,229.9528908,1033.638244,950.8552034,1.82,90.77,0,0,0.2,39.25,25,45.25,0.7272,10,66.67,79.1
100,2.5,1,2,605.1391863,229.9528908,1033.638244,950.8552034,2.42,90.77,0,0,0.2,58.88,25,45.25,0.3636,10,66.67,82.17
100,2.5,1,2,605.1391863,229.9528908,1033.638244,950.8552034,0.61,121.03,0,0,0.2,98.13,25,45.25,0.7272,10,66.67,72.68
100,2.5,1,2,605.1391863,229.9528908,1033.638244,950.8552034,1.21,121.03,0,0,0.2,78.5,25,45.25,0.3636,10,66.67,70.82
100,2.5,1,2,605.1391863,229.9528908,1033.638244,950.8552034,1.82,121.03,0,0,0.2,58.88,25,45.25,1.4544,10,66.67,63.13
100,2.5,1,2,605.1391863,229.9528908,1033.638244,950.8552034,2.42,121.03,0,0,0.2,39.25,25,45.25,1.0908,10,66.67,61.08
200,2.5,1,2,605.1391863,229.9528908,1033.638244,950.8552034,0,0,0,0,0.2,0,0,0,0,0,0,49.88
200,2.5,1,2,605.1391863,229.9528908,1033.638244,950.8552034,0.61,30.26,0,0,0.2,39.25,25,45.25,0.3636,10,66.67,67.99
200,2.5,1,2,605.1391863,229.9528908,1033.638244,950.8552034,1.21,30.26,0,0,0.2,58.88,25,45.25,0.7272,10,66.67,67.91
200,2.5,1,2,605.1391863,229.9528908,1033.638244,950.8552034,1.82,30.26,0,0,0.2,78.5,25,45.25,1.0908,10,66.67,64.6
200,2.5,1,2,605.1391863,229.9528908,1033.638244,950.8552034,2.42,30.26,0,0,0.2,78.5,25,45.25,0.7272,10,66.67,70.96
200,2.5,1,2,605.1391863,229.9528908,1033.638244,950.8552034,0.61,60.51,0,0,0.2,58.88,25,45.25,1.0908,10,66.67,69.02
200,2.5,1,2,605.1391863,229.9528908,1033.638244,950.8552034,1.21,60.51,0,0,0.2,39.25,25,45.25,1.4544,10,66.67,73.88
200,2.5,1,2,605.1391863,229.9528908,1033.638244,950.8552034,1.82,60.51,0,0,0.2,98.13,25,45.25,0.3636,10,66.67,63.73
200,2.5,1,2,605.1391863,229.9528908,1033.638244,950.8552034,2.42,60.51,0,0,0.2,78.5,25,45.25,0.7272,10,66.67,72.76
200,2.5,1,2,605.1391863,229.9528908,1033.638244,950.8552034,0.61,90.77,0,0,0.2,78.5,25,45.25,1.4544,10,66.67,82.66
200,2.5,1,2,605.1391863,229.9528908,1033.638244,950.8552034,1.21,90.77,0,0,0.2,98.13,25,45.25,1.0908,10,66.67,67.68
200,2.5,1,2,605.1391863,229.9528908,1033.638244,950.8552034,1.82,90.77,0,0,0.2,39.25,25,45.25,0.7272,10,66.67,78.25
200,2.5,1,2,605.1391863,229.9528908,1033.638244,950.8552034,2.42,90.77,0,0,0.2,58.88,25,45.25,0.3636,10,66.67,75.03
200,2.5,1,2,605.1391863,229.9528908,1033.638244,950.8552034,0.61,121.03,0,0,0.2,98.13,25,45.25,0.7272,10,66.67,69.71
200,2.5,1,2,605.1391863,229.9528908,1033.638244,950.8552034,1.21,121.03,0,0,0.2,78.5,25,45.25,0.3636,10,66.67,69.85
200,2.5,1,2,605.1391863,229.9528908,1033.638244,950.8552034,1.82,121.03,0,0,0.2,58.88,25,45.25,1.4544,10,66.67,60.23
200,2.5,1,2,605.1391863,229.9528908,1033.638244,950.8552034,2.42,121.03,0,0,0.2,39.25,25,45.25,1.0908,10,66.67,56.35
300,2.5,1,2,605.1391863,229.9528908,1033.638244,950.8552034,0,0,0,0,0.2,0,0,0,0,0,0,42
300,2.5,1,2,605.1391863,229.9528908,1033.638244,950.8552034,0.61,30.26,0,0,0.2,39.25,25,45.25,0.3636,10,66.67,57.02
300,2.5,1,2,605.1391863,229.9528908,1033.638244,950.8552034,1.21,30.26,0,0,0.2,58.88,25,45.25,0.7272,10,66.67,57.93
300,2.5,1,2,605.1391863,229.9528908,1033.638244,950.8552034,1.82,30.26,0,0,0.2,78.5,25,45.25,1.0908,10,66.67,52.25
300,2.5,1,2,605.1391863,229.9528908,1033.638244,950.8552034,2.42,30.26,0,0,0.2,78.5,25,45.25,0.7272,10,66.67,56.69
300,2.5,1,2,605.1391863,229.9528908,1033.638244,950.8552034,0.61,60.51,0,0,0.2,58.88,25,45.25,1.0908,10,66.67,56.37
300,2.5,1,2,605.1391863,229.9528908,1033.638244,950.8552034,1.21,60.51,0,0,0.2,39.25,25,45.25,1.4544,10,66.67,60.01
300,2.5,1,2,605.1391863,229.9528908,1033.638244,950.8552034,1.82,60.51,0,0,0.2,98.13,25,45.25,0.3636,10,66.67,51.69
300,2.5,1,2,605.1391863,229.9528908,1033.638244,950.8552034,2.42,60.51,0,0,0.2,78.5,25,45.25,0.7272,10,66.67,60.46
300,2.5,1,2,605.1391863,229.9528908,1033.638244,950.8552034,0.61,90.77,0,0,0.2,78.5,25,45.25,1.4544,10,66.67,66.3
300,2.5,1,2,605.1391863,229.9528908,1033.638244,950.8552034,1.21,90.77,0,0,0.2,98.13,25,45.25,1.0908,10,66.67,54.77
300,2.5,1,2,605.1391863,229.9528908,1033.638244,950.8552034,1.82,90.77,0,0,0.2,39.25,25,45.25,0.7272,10,66.67,61.6
300,2.5,1,2,605.1391863,229.9528908,1033.638244,950.8552034,2.42,90.77,0,0,0.2,58.88,25,45.25,0.3636,10,66.67,61.92
300,2.5,1,2,605.1391863,229.9528908,1033.638244,950.8552034,0.61,121.03,0,0,0.2,98.13,25,45.25,0.7272,10,66.67,54.66
300,2.5,1,2,605.1391863,229.9528908,1033.638244,950.8552034,1.21,121.03,0,0,0.2,78.5,25,45.25,0.3636,10,66.67,53.7
300,2.5,1,2,605.1391863,229.9528908,1033.638244,950.8552034,1.82,121.03,0,0,0.2,58.88,25,45.25,1.4544,10,66.67,48.96
300,2.5,1,2,605.1391863,229.9528908,1033.638244,950.8552034,2.42,121.03,0,0,0.2,39.25,25,45.25,1.0908,10,66.67,48.86
400,2.5,1,2,605.1391863,229.9528908,919.8115632,896.8162741,0,0,0,0,0.2,0,0,0,0,0,0,32.83
400,2.5,1,2,605.1391863,229.9528908,919.8115632,896.8162741,0.61,30.26,0,0,0.2,39.25,25,45.25,0.3636,10,66.67,48.4
400,2.5,1,2,605.1391863,229.9528908,919.8115632,896.8162741,1.21,30.26,0,0,0.2,58.88,25,45.25,0.7272,10,66.67,48
400,2.5,1,2,605.1391863,229.9528908,919.8115632,896.8162741,1.82,30.26,0,0,0.2,78.5,25,45.25,1.0908,10,66.67,45.18
400,2.5,1,2,605.1391863,229.9528908,919.8115632,896.8162741,2.42,30.26,0,0,0.2,78.5,25,45.25,0.7272,10,66.67,49.15
400,2.5,1,2,605.1391863,229.9528908,919.8115632,896.8162741,0.61,60.51,0,0,0.2,58.88,25,45.25,1.0908,10,66.67,48.88
400,2.5,1,2,605.1391863,229.9528908,919.8115632,896.8162741,1.21,60.51,0,0,0.2,39.25,25,45.25,1.4544,10,66.67,51.45
400,2.5,1,2,605.1391863,229.9528908,919.8115632,896.8162741,1.82,60.51,0,0,0.2,98.13,25,45.25,0.3636,10,66.67,44.9
400,2.5,1,2,605.1391863,229.9528908,919.8115632,896.8162741,2.42,60.51,0,0,0.2,78.5,25,45.25,0.7272,10,66.67,54.22
400,2.5,1,2,605.1391863,229.9528908,919.8115632,896.8162741,0.61,90.77,0,0,0.2,78.5,25,45.25,1.4544,10,66.67,59.18
400,2.5,1,2,605.1391863,229.9528908,919.8115632,896.8162741,1.21,90.77,0,0,0.2,98.13,25,45.25,1.0908,10,66.67,46.45
400,2.5,1,2,605.1391863,229.9528908,919.8115632,896.8162741,1.82,90.77,0,0,0.2,39.25,25,45.25,0.7272,10,66.67,55.78
400,2.5,1,2,605.1391863,229.9528908,919.8115632,896.8162741,2.42,90.77,0,0,0.2,58.88,25,45.25,0.3636,10,66.67,57.03
400,2.5,1,2,605.1391863,229.9528908,919.8115632,896.8162741,0.61,121.03,0,0,0.2,98.13,25,45.25,0.7272,10,66.67,49.57
400,2.5,1,2,605.1391863,229.9528908,919.8115632,896.8162741,1.21,121.03,0,0,0.2,78.5,25,45.25,0.3636,10,66.67,48.97
400,2.5,1,2,605.1391863,229.9528908,919.8115632,896.8162741,1.82,121.03,0,0,0.2,58.88,25,45.25,1.4544,10,66.67,42.35
400,2.5,1,2,605.1391863,229.9528908,919.8115632,896.8162741,2.42,121.03,0,0,0.2,39.25,25,45.25,1.0908,10,66.67,42.26
500,2.5,1,2,605.1391863,229.9528908,919.8115632,896.8162741,0,0,0,0,0.2,0,0,0,0,0,0,27.09
500,2.5,1,2,605.1391863,229.9528908,919.8115632,896.8162741,0.61,30.26,0,0,0.2,39.25,25,45.25,0.3636,10,66.67,44.67
500,2.5,1,2,605.1391863,229.9528908,919.8115632,896.8162741,1.21,30.26,0,0,0.2,58.88,25,45.25,0.7272,10,66.67,41.18
500,2.5,1,2,605.1391863,229.9528908,919.8115632,896.8162741,1.82,30.26,0,0,0.2,78.5,25,45.25,1.0908,10,66.67,42.7
500,2.5,1,2,605.1391863,229.9528908,919.8115632,896.8162741,2.42,30.26,0,0,0.2,78.5,25,45.25,0.7272,10,66.67,45.22
500,2.5,1,2,605.1391863,229.9528908,919.8115632,896.8162741,0.61,60.51,0,0,0.2,58.88,25,45.25,1.0908,10,66.67,40.25
500,2.5,1,2,605.1391863,229.9528908,919.8115632,896.8162741,1.21,60.51,0,0,0.2,39.25,25,45.25,1.4544,10,66.67,45.46
500,2.5,1,2,605.1391863,229.9528908,919.8115632,896.8162741,1.82,60.51,0,0,0.2,98.13,25,45.25,0.3636,10,66.67,42.61
500,2.5,1,2,605.1391863,229.9528908,919.8115632,896.8162741,2.42,60.51,0,0,0.2,78.5,25,45.25,0.7272,10,66.67,48.06
500,2.5,1,2,605.1391863,229.9528908,919.8115632,896.8162741,0.61,90.77,0,0,0.2,78.5,25,45.25,1.4544,10,66.67,49.11
500,2.5,1,2,605.1391863,229.9528908,919.8115632,896.8162741,1.21,90.77,0,0,0.2,98.13,25,45.25,1.0908,10,66.67,39.24
500,2.5,1,2,605.1391863,229.9528908,919.8115632,896.8162741,1.82,90.77,0,0,0.2,39.25,25,45.25,0.7272,10,66.67,46.76
500,2.5,1,2,605.1391863,229.9528908,919.8115632,896.8162741,2.42,90.77,0,0,0.2,58.88,25,45.25,0.3636,10,66.67,48.11
500,2.5,1,2,605.1391863,229.9528908,919.8115632,896.8162741,0.61,121.03,0,0,0.2,98.13,25,45.25,0.7272,10,66.67,41.68
500,2.5,1,2,605.1391863,229.9528908,919.8115632,896.8162741,1.21,121.03,0,0,0.2,78.5,25,45.25,0.3636,10,66.67,44.59
500,2.5,1,2,605.1391863,229.9528908,919.8115632,896.8162741,1.82,121.03,0,0,0.2,58.88,25,45.25,1.4544,10,66.67,35.25
500,2.5,1,2,605.1391863,229.9528908,919.8115632,896.8162741,2.42,121.03,0,0,0.2,39.25,25,45.25,1.0908,10,66.67,33.03
600,2.5,1,2,605.1391863,229.9528908,919.8115632,896.8162741,0,0,0,0,0.2,0,0,0,0,0,0,18.9
600,2.5,1,2,605.1391863,229.9528908,919.8115632,896.8162741,0.61,30.26,0,0,0.2,39.25,25,45.25,0.3636,10,66.67,40.58
600,2.5,1,2,605.1391863,229.9528908,919.8115632,896.8162741,1.21,30.26,0,0,0.2,58.88,25,45.25,0.7272,10,66.67,37.94
600,2.5,1,2,605.1391863,229.9528908,919.8115632,896.8162741,1.82,30.26,0,0,0.2,78.5,25,45.25,1.0908,10,66.67,37.61
600,2.5,1,2,605.1391863,229.9528908,919.8115632,896.8162741,2.42,30.26,0,0,0.2,78.5,25,45.25,0.7272,10,66.67,34.16
600,2.5,1,2,605.1391863,229.9528908,919.8115632,896.8162741,0.61,60.51,0,0,0.2,58.88,25,45.25,1.0908,10,66.67,33.51
600,2.5,1,2,605.1391863,229.9528908,919.8115632,896.8162741,1.21,60.51,0,0,0.2,39.25,25,45.25,1.4544,10,66.67,35.82
600,2.5,1,2,605.1391863,229.9528908,919.8115632,896.8162741,1.82,60.51,0,0,0.2,98.13,25,45.25,0.3636,10,66.67,30.41
600,2.5,1,2,605.1391863,229.9528908,919.8115632,896.8162741,2.42,60.51,0,0,0.2,78.5,25,45.25,0.7272,10,66.67,35.65
600,2.5,1,2,605.1391863,229.9528908,919.8115632,896.8162741,0.61,90.77,0,0,0.2,78.5,25,45.25,1.4544,10,66.67,40.56
600,2.5,1,2,605.1391863,229.9528908,919.8115632,896.8162741,1.21,90.77,0,0,0.2,98.13,25,45.25,1.0908,10,66.67,32.48
600,2.5,1,2,605.1391863,229.9528908,919.8115632,896.8162741,1.82,90.77,0,0,0.2,39.25,25,45.25,0.7272,10,66.67,38.01
600,2.5,1,2,605.1391863,229.9528908,919.8115632,896.8162741,2.42,90.77,0,0,0.2,58.88,25,45.25,0.3636,10,66.67,39.2
600,2.5,1,2,605.1391863,229.9528908,919.8115632,896.8162741,0.61,121.03,0,0,0.2,98.13,25,45.25,0.7272,10,66.67,32.6
600,2.5,1,2,605.1391863,229.9528908,919.8115632,896.8162741,1.21,121.03,0,0,0.2,78.5,25,45.25,0.3636,10,66.67,33.74
600,2.5,1,2,605.1391863,229.9528908,919.8115632,896.8162741,1.82,121.03,0,0,0.2,58.88,25,45.25,1.4544,10,66.67,29.11
600,2.5,1,2,605.1391863,229.9528908,919.8115632,896.8162741,2.42,121.03,0,0,0.2,39.25,25,45.25,1.0908,10,66.67,28.76
300,30,0,4,900,162,1040,0,220,0,0,0,3.571,50,12.7,80,0,0,0,143.331
300,30,0,4,900,162,1024,0,220,0,0,0,3.571,100,12.7,80,0,0,0,143.164
300,30,0,4,900,162,1005,0,220,0,0,0,3.571,157,12.7,80,0,0,0,147.795
300,30,0,4,900,162,991,0,220,0,0,0,3.571,200,12.7,80,0,0,0,157.197
300,30,1,4,900,162,1040,0,220,0,0,0,3.571,50,12.7,80,0,0,0,173.164
300,30,1,4,900,162,1024,0,220,0,0,0,3.571,100,12.7,80,0,0,0,188.304
300,30,1,4,900,162,1005,0,220,0,0,0,3.571,157,12.7,80,0,0,0,190.752
300,30,1,4,900,162,991,0,220,0,0,0,3.571,200,12.7,80,0,0,0,205.309
300,30,2,4,900,162,1040,0,220,0,0,0,3.571,50,12.7,80,0,0,0,189.653
300,30,2,4,900,162,1024,0,220,0,0,0,3.571,100,12.7,80,0,0,0,196.388
300,30,2,4,900,162,1005,0,220,0,0,0,3.571,157,12.7,80,0,0,0,203.886
300,30,2,4,900,162,991,0,220,0,0,0,3.571,200,12.7,80,0,0,0,210.515
300,30,3,4,900,162,1040,0,220,0,0,0,3.571,50,12.7,80,0,0,0,191.156
300,30,3,4,900,162,1024,0,220,0,0,0,3.571,100,12.7,80,0,0,0,211.012
300,30,3,4,900,162,1005,0,220,0,0,0,3.571,157,12.7,80,0,0,0,215.068
300,30,3,4,900,162,991,0,220,0,0,0,3.571,200,12.7,80,0,0,0,215.722
300,30,4,4,900,162,1040,0,220,0,0,0,3.571,50,12.7,80,0,0,0,201.568
300,30,4,4,900,162,1024,0,220,0,0,0,3.571,100,12.7,80,0,0,0,214.649
300,30,4,4,900,162,1005,0,220,0,0,0,3.571,157,12.7,80,0,0,0,215.04
300,30,4,4,900,162,991,0,220,0,0,0,3.571,200,12.7,80,0,0,0,221.452
300,30,5,4,900,162,1040,0,220,0,0,0,3.571,50,12.7,80,0,0,0,195.524
300,30,5,4,900,162,1024,0,220,0,0,0,3.571,100,12.7,80,0,0,0,202.588
300,30,5,4,900,162,1005,0,220,0,0,0,3.571,157,12.7,80,0,0,0,205.204
300,30,5,4,900,162,991,0,220,0,0,0,3.571,200,12.7,80,0,0,0,217.239
25,0,0,3,450,216,778,951,0,0,0,0,1.5,78,13,65,0,0,0,49.86
25,0,0,3,450,235.6,701,857,0,0,0,0,1.5,0,0,0,0,0,0,40.55
25,0,0,3,450,235.6,701,857,0,0,0,0,1.5,78,13,65,0,0,0,46.99
25,0,0,3,432,235.6,701,857,18,0,0,0,1.5,78,13,65,0,0,0,45.18
25,0,0,3,414,235.6,701,857,36,0,0,0,1.5,78,13,65,0,0,0,48.99
25,0,0,3,406,235.6,701,857,54,0,0,0,1.467,78,13,65,0,0,0,47.67
200,5,2,3,450,216,778,951,0,0,0,0,1.5,78,13,65,0,0,0,46.95
200,5,2,3,450,235.6,701,857,0,0,0,0,1.5,0,0,0,0,0,0,31.31
200,5,0,3,450,235.6,701,857,0,0,0,0,1.5,78,13,65,0,0,0,37.39
200,5,2,3,432,235.6,701,857,18,0,0,0,1.5,78,13,65,0,0,0,37.85
200,5,2,3,414,235.6,701,857,36,0,0,0,1.5,78,13,65,0,0,0,43.06
200,5,2,3,406,235.6,701,857,54,0,0,0,1.467,78,13,65,0,0,0,41.41
400,5,2,3,450,216,778,951,0,0,0,0,1.5,78,13,65,0,0,0,43.33
400,5,2,3,450,235.6,701,857,0,0,0,0,1.5,0,0,0,0,0,0,27.79
400,5,0,3,450,235.6,701,857,0,0,0,0,1.5,78,13,65,0,0,0,34.54
400,5,2,3,432,235.6,701,857,18,0,0,0,1.5,78,13,65,0,0,0,38.12
400,5,2,3,414,235.6,701,857,36,0,0,0,1.5,78,13,65,0,0,0,35.64
400,5,2,3,406,235.6,701,857,54,0,0,0,1.467,78,13,65,0,0,0,40.61
600,5,2,3,450,216,778,951,0,0,0,0,1.5,78,13,65,0,0,0,29.6
600,5,2,3,450,235.6,701,857,0,0,0,0,1.5,0,0,0,0,0,0,11.06
600,5,0,3,450,235.6,701,857,0,0,0,0,1.5,78,13,65,0,0,0,21.33
600,5,2,3,432,235.6,701,857,18,0,0,0,1.5,78,13,65,0,0,0,24.15
600,5,2,3,414,235.6,701,857,36,0,0,0,1.5,78,13,65,0,0,0,19.38
600,5,2,3,406,235.6,701,857,54,0,0,0,1.467,78,13,65,0,0,0,19.18
800,5,2,3,450,216,778,951,0,0,0,0,1.5,78,13,65,0,0,0,16.45
800,5,2,3,450,235.6,701,857,0,0,0,0,1.5,0,0,0,0,0,0,4.57
800,5,0,3,450,235.6,701,857,0,0,0,0,1.5,78,13,65,0,0,0,10.2
800,5,2,3,432,235.6,701,857,18,0,0,0,1.5,78,13,65,0,0,0,14
800,5,2,3,414,235.6,701,857,36,0,0,0,1.5,78,13,65,0,0,0,12.37
800,5,2,3,406,235.6,701,857,54,0,0,0,1.467,78,13,65,0,0,0,12.56
25,0,0,0,475,181,885,884,0,0,0,0,0.211,0,0,0,0,0,0,65.2
25,0,0,0,475,181,867,865,0,0,0,0,0.629,60,30,78.9,0.75,9,281.25,81.3
300,0.5,1,2,475,181,885,884,0,0,0,0,0.211,0,0,0,0,0,0,57.79
300,0.5,1,2,475,181,867,865,0,0,0,0,0.629,60,0,78.9,0.75,9,281.25,82.19
600,0.5,1,2,475,181,885,884,0,0,0,0,0.211,0,0,0,0,0,0,35.63
600,0.5,1,2,475,181,867,865,0,0,0,0,0.629,60,0,78.9,0.75,9,281.25,56.47
750,0.5,1,2,475,181,885,884,0,0,0,0,0.211,0,0,0,0,0,0,18.05
750,0.5,1,2,475,181,867,865,0,0,0,0,0.629,60,0,78.9,0.75,9,281.25,33.28
900,0.5,1,2,475,181,885,884,0,0,0,0,0.211,0,0,0,0,0,0,6.06
900,0.5,1,2,475,181,867,865,0,0,0,0,0.629,60,0,78.9,0.75,9,281.25,7.56
25,0,0,3,440,203.28,670,1092,0,0,0,0,1.5,0,0,0,0,0,0,39.57
25,0,0,3,440,203.28,670,975,0,0,0,0,1.5,0,0,0,0,0,0,53.27
25,0,0,3,440,203.28,670,975,39,0,0,0,1.378,39.25,32,40,0,0,0,48.3
25,0,0,3,440,203.28,670,975,78,0,0,0,1.274,78.5,32,40,0,0,0,45.67
25,0,0,3,440,203.28,670,975,117,0,0,0,1.185,117.75,32,40,0,0,0,43.69
200,2.5,1,3,440,203.28,670,975,0,0,0,0,1.5,0,0,0,0,0,0,36.99
200,2.5,1,3,440,203.28,670,975,0,0,0,0,1.5,0,0,0,0,0,0,43.34
200,2.5,1,3,440,203.28,670,975,39,0,0,0,1.378,39.25,32,40,0,0,0,40.41
200,2.5,1,3,440,203.28,670,975,78,0,0,0,1.274,78.5,32,40,0,0,0,39.12
200,2.5,1,3,440,203.28,670,975,117,0,0,0,1.185,117.75,32,40,0,0,0,38.56
400,2.5,1,3,440,203.28,670,975,0,0,0,0,1.5,0,0,0,0,0,0,27.66
400,2.5,1,3,440,203.28,670,975,0,0,0,0,1.5,0,0,0,0,0,0,25
400,2.5,1,3,440,203.28,670,975,39,0,0,0,1.378,39.25,32,40,0,0,0,28.08
400,2.5,1,3,440,203.28,670,975,78,0,0,0,1.274,78.5,32,40,0,0,0,27.33
400,2.5,1,3,440,203.28,670,975,117,0,0,0,1.185,117.75,32,40,0,0,0,32.27
600,2.5,1,3,440,203.28,670,975,0,0,0,0,1.5,0,0,0,0,0,0,11.98
600,2.5,1,3,440,203.28,670,975,0,0,0,0,1.5,0,0,0,0,0,0,11.33
600,2.5,1,3,440,203.28,670,975,39,0,0,0,1.378,39.25,32,40,0,0,0,13.05
600,2.5,1,3,440,203.28,670,975,78,0,0,0,1.274,78.5,32,40,0,0,0,13.73
600,2.5,1,3,440,203.28,670,975,117,0,0,0,1.185,117.75,32,40,0,0,0,21.81
20,0,0,4,327,143,735,904,0,101,76,0,16,0,0,0,0,0,0,72.2
20,0,0,4,327,143,735,904,0,101,76,0,16,42,38,33.3,0,0,0,69.92
20,0,0,4,327,143,735,904,0,101,76,0,16,0,0,0,1,20,200,67.16
20,0,0,4,327,143,735,904,0,101,76,0,16,42,38,33.3,1,20,200,69.76
100,2,2,4,327,143,735,904,0,101,76,0,16,0,0,0,0,0,0,45.22
100,2,2,4,327,143,735,904,0,101,76,0,16,42,38,33.3,0,0,0,47.83
100,2,2,4,327,143,735,904,0,101,76,0,16,0,0,0,1,20,200,29.29
100,2,2,4,327,143,735,904,0,101,76,0,16,42,38,33.3,1,20,200,50.1
200,2,2,4,327,143,735,904,0,101,76,0,16,0,0,0,0,0,0,57.28
200,2,2,4,327,143,735,904,0,101,76,0,16,42,38,33.3,0,0,0,43.94
200,2,2,4,327,143,735,904,0,101,76,0,16,0,0,0,1,20,200,49.64
200,2,2,4,327,143,735,904,0,101,76,0,16,42,38,33.3,1,20,200,46.06
400,2,2,4,327,143,735,904,0,101,76,0,16,0,0,0,0,0,0,46.26
400,2,2,4,327,143,735,904,0,101,76,0,16,42,38,33.3,0,0,0,44.47
400,2,2,4,327,143,735,904,0,101,76,0,16,0,0,0,1,20,200,44.63
400,2,2,4,327,143,735,904,0,101,76,0,16,42,38,33.3,1,20,200,42.85
600,2,2,4,327,143,735,904,0,101,76,0,16,0,0,0,0,0,0,47.28
600,2,2,4,327,143,735,904,0,101,76,0,16,42,38,33.3,0,0,0,39.15
600,2,2,4,327,143,735,904,0,101,76,0,16,0,0,0,1,20,200,32.15
600,2,2,4,327,143,735,904,0,101,76,0,16,42,38,33.3,1,20,200,30.85
800,2,2,4,327,143,735,904,0,101,76,0,16,0,0,0,0,0,0,32.85
800,2,2,4,327,143,735,904,0,101,76,0,16,42,38,33.3,0,0,0,26.83
800,2,2,4,327,143,735,904,0,101,76,0,16,0,0,0,1,20,200,19.51
800,2,2,4,327,143,735,904,0,101,76,0,16,42,38,33.3,1,20,200,23.74
20,0,0,2,500,150,980,780,0,0,0,0,1.28,0,0,0,0,0,0,52.5
100,6,2.5,2,500,150,980,780,0,0,0,0,1.28,0,0,0,0,0,0,44.58
200,6,2.5,2,500,150,980,780,0,0,0,0,1.28,0,0,0,0,0,0,40.69
300,6,2.5,2,500,150,980,780,0,0,0,0,1.28,0,0,0,0,0,0,35.56
400,6,2.5,2,500,150,980,780,0,0,0,0,1.28,0,0,0,0,0,0,21.67
500,6,2.5,2,500,150,980,780,0,0,0,0,1.28,0,0,0,0,0,0,8.47
600,6,2.5,2,500,150,980,780,0,0,0,0,1.28,0,0,0,0,0,0,6.67
20,0,0,2,500,150,980,780,0,0,0,0,1.28,0,0,0,1,6,77,50.56
100,6,2.5,2,500,150,980,780,0,0,0,0,1.28,0,0,0,1,6,77,34.58
200,6,2.5,2,500,150,980,780,0,0,0,0,1.28,0,0,0,1,6,77,32.92
300,6,2.5,2,500,150,980,780,0,0,0,0,1.28,0,0,0,1,6,77,25.83
400,6,2.5,2,500,150,980,780,0,0,0,0,1.28,0,0,0,1,6,77,19.86
500,6,2.5,2,500,150,980,780,0,0,0,0,1.28,0,0,0,1,6,77,13.75
600,6,2.5,2,500,150,980,780,0,0,0,0,1.28,0,0,0,1,6,77,10.97
20,0,0,2,500,150,980,780,0,0,0,0,1.28,0,0,0,1.5,6,77,50.97
100,6,2.5,2,500,150,980,780,0,0,0,0,1.28,0,0,0,1.5,6,77,36.81
200,6,2.5,2,500,150,980,780,0,0,0,0,1.28,0,0,0,1.5,6,77,33.33
300,6,2.5,2,500,150,980,780,0,0,0,0,1.28,0,0,0,1.5,6,77,24.03
400,6,2.5,2,500,150,980,780,0,0,0,0,1.28,0,0,0,1.5,6,77,20.56
500,6,2.5,2,500,150,980,780,0,0,0,0,1.28,0,0,0,1.5,6,77,13.75
600,6,2.5,2,500,150,980,780,0,0,0,0,1.28,0,0,0,1.5,6,77,10.25
20,0,0,2,500,150,980,780,0,0,0,0,1.28,0,0,0,2,6,77,50.83
100,6,2.5,2,500,150,980,780,0,0,0,0,1.28,0,0,0,2,6,77,41.25
200,6,2.5,2,500,150,980,780,0,0,0,0,1.28,0,0,0,2,6,77,36.81
300,6,2.5,2,500,150,980,780,0,0,0,0,1.28,0,0,0,2,6,77,25.28
400,6,2.5,2,500,150,980,780,0,0,0,0,1.28,0,0,0,2,6,77,20.97
500,6,2.5,2,500,150,980,780,0,0,0,0,1.28,0,0,0,2,6,77,12.64
600,6,2.5,2,500,150,980,780,0,0,0,0,1.28,0,0,0,2,6,77,10.83
20,0,0,2,500,150,980,780,0,0,0,0,1.28,0,0,0,1,12,154,50.42
100,6,2.5,2,500,150,980,780,0,0,0,0,1.28,0,0,0,1,12,154,34.17
200,6,2.5,2,500,150,980,780,0,0,0,0,1.28,0,0,0,1,12,154,33.06
300,6,2.5,2,500,150,980,780,0,0,0,0,1.28,0,0,0,1,12,154,22.64
400,6,2.5,2,500,150,980,780,0,0,0,0,1.28,0,0,0,1,12,154,19.44
500,6,2.5,2,500,150,980,780,0,0,0,0,1.28,0,0,0,1,12,154,11.39
600,6,2.5,2,500,150,980,780,0,0,0,0,1.28,0,0,0,1,12,154,11.11
20,0,0,2,500,150,980,780,0,0,0,0,1.28,0,0,0,1.5,12,154,49.17
100,6,2.5,2,500,150,980,780,0,0,0,0,1.28,0,0,0,1.5,12,154,38.33
200,6,2.5,2,500,150,980,780,0,0,0,0,1.28,0,0,0,1.5,12,154,32.22
300,6,2.5,2,500,150,980,780,0,0,0,0,1.28,0,0,0,1.5,12,154,21.81
400,6,2.5,2,500,150,980,780,0,0,0,0,1.28,0,0,0,1.5,12,154,19.86
500,6,2.5,2,500,150,980,780,0,0,0,0,1.28,0,0,0,1.5,12,154,13.89
600,6,2.5,2,500,150,980,780,0,0,0,0,1.28,0,0,0,1.5,12,154,11.53
20,0,0,2,500,150,980,780,0,0,0,0,1.28,0,0,0,2,12,154,48.33
100,6,2.5,2,500,150,980,780,0,0,0,0,1.28,0,0,0,2,12,154,37.92
200,6,2.5,2,500,150,980,780,0,0,0,0,1.28,0,0,0,2,12,154,32.92
300,6,2.5,2,500,150,980,780,0,0,0,0,1.28,0,0,0,2,12,154,23.61
400,6,2.5,2,500,150,980,780,0,0,0,0,1.28,0,0,0,2,12,154,21.67
500,6,2.5,2,500,150,980,780,0,0,0,0,1.28,0,0,0,2,12,154,13.75
600,6,2.5,2,500,150,980,780,0,0,0,0,1.28,0,0,0,2,12,154,11.81
